"GIRO DO MERCADO AO VIVO NO MONEY TIMES | Lucro do ITAÚ (ITUB4) salta no 4T25, Riachuelo estreia ticker e BITCOIN desaba

No Giro do Mercado desta quinta-feira (5), os jornalistas Paula Comassetto e Renan Dantas comentam os principais acontecimentos que movimentam o mercado hoje.

Assista o programa ao vivo: https://t.co/RCCBNPCJtf"
"A OPERAÇÃO CONSISTE NO AUMENTO DA PARTICIPAÇÃO MINORITÁRIA DETIDA PELA UNITED NA AZUL

O conselheiro Diogo Thomson, relator do ato de concentração da Azul (AZUL53) com a United Airlines no Conselho Administrativo de Defesa Econômica (Cade), votou para aprovar a operação entre as duas aéreas, com ressalvas. Ele apresentou seu voto no período da tarde desta quarta (11), e agora os demais conselheiros apresentam seus votos. 

O relator Diogo Thomson apontou para necessidade de compromissos redobrados de governança e compliance e colocou que qualquer alteração nesse cenário deverá ser levado ao Cade.

A operação consiste no aumento da participação minoritária detida pela United na Azul, no âmbito do processo de reorganização judicial da companhia brasileira nos Estados Unidos, conduzido sob o Chapter 11. Com a operação, a participação da United no capital social da Azul passará de atuais 2,02% para aproximadamente 8%.

Leia no Infomoney.
Foto: Rahel Patrasso
#Business #Azul #Cade"
"🚓 PF abre inquérito para apurar gestão fraudulenta no #BRB, dizem fontes #BSLI4 #BSLI3 

A Polícia Federal abriu um inquérito criminal para investigar gestão fraudulenta no Banco de Brasília (BRB).

O caso é um novo desdobramento das apurações que envolvem o Banco Master (que sofreu liquidação extrajudicial em novembro). A investigação aponta um esquema de operações triangulares, empréstimos consignados e ""créditos de fachada"" para abastecer o caixa do Master via BRB.

💸 O rombo potencial impressiona: segundo o Banco Central, o provisionamento necessário para cobrir as operações suspeitas pode chegar a R$ 5 bilhões."
"GIRO DO MERCADO AO VIVO NO MONEY TIMES | IBOVESPA cai, Santander (SANB11) divulga resultado e EUA saem do shutdown

No Giro do Mercado desta quarta-feira (04), a jornalista Giovana Leal recebe Matheus Spiess, analista da Empiricus Research, para comentar os principais acontecimentos que movimentam o mundo dos investimentos hoje.

Assista o programa ao vivo: https://t.co/vvBnY61uNQ"
"📥 #CXSE3 vale a pena? Preço-alvo da Caixa Seguridade para 2026

Uma análise completa da Caixa Seguridade (CXSE3) com foco no horizonte de 2026, avaliando se R$ 18 é um preço-alvo plausível, qual é o melhor preço teto para o aporte de janeiro e como os drawdowns do mercado podem criar oportunidades para o investidor de longo prazo; exploramos fundamentos, geração de caixa, política de dividendos, valuation, riscos e cenários macroeconômicos que impactam a Caixa Seguridade, ajudando investidores brasileiros a decidir se vale a pena investir em CXSE3 agora, como posicionar aportes recorrentes e quais expectativas são realistas para retorno e dividendos até 2026.

🔽"
"✈️ #Embraer: fora do radar local, ação pode entrar na mira de estrangeiros

#EMBR3 #EMBJ3

A Embraer entra em 2026 com expectativa de forte desempenho comercial, após mais um ano de execução acima das estimativas, apresentando avanços relevantes na área de Defesa e entregas robustas. Na visão do BTG, a companhia segue bem posicionada para sustentar sua trajetória recente, apoiada por condições favoráveis da indústria aeronáutica global.

O ano de 2025 foi marcado por recorde de vendas na aviação comercial, explica o banco em relatório recente, com contratos relevantes na divisão de Defesa e forte atividade comercial em eventos internacionais, como o Paris Air Show.

Para 2026, o BTG projeta continuidade do bom momento na aviação comercial, sustentada por novas campanhas de vendas em um cenário global de restrições de oferta no segmento de aeronaves de corredor único, fator que favorece fabricantes alternativos.

🔽"
"🇻🇪 Silveira diz que Brasil avaliará impacto da #Venezuela na #Petrobras 

#PETR3 #PETR4 

O ministro de Minas e Energia, Alexandre Silveira (PSD), afirmou nesta 5ª feira (8) que o Brasil irá avaliar, no médio prazo, se a crise na Venezuela e um eventual maior controle dos Estados Unidos sobre a produção e venda de petróleo do país podem impactar o mercado brasileiro.

Silveira foi questionado sobre a possibilidade de a Petrobras antecipar sua produção, diante de uma possível reconfiguração do mercado internacional de petróleo provocada por fatores geopolíticos.

🔽"
"💊 #Blau e #Hypera: Dois modelos distintos no setor farmacêutico brasileiro

O setor farmacêutico brasileiro reúne empresas com perfis bastante distintos, mesmo atuando sob o mesmo arcabouço regulatório. Blau) e Hypera são exemplos claros desse contraste. Entender essas diferenças é essencial para avaliar riscos, previsibilidade de resultados e a sensibilidade de cada companhia ao cenário macroeconômico.

Leia o artigo completo de Caio Amoed:
https://t.co/mmSHrSN5Rs

#BLAU3 #HYPE3"
"📈 Quais foram as melhores e as piores ações da bolsa em 2025?

É inegável que as rentabilidades passadas são sedutoras e despertam a curiosidade de qualquer investidor. No entanto, elas sozinhas não revelam o risco assumido para alcançar tais resultados.

Leia o artigo completo de Carlos Heitor Campani:
https://t.co/xfazvsHu3p

#COGN3 #MOVI3 #ECOR3 #CSMG3 #CURY3 #RAIZ4 #HAPV3 #RAPT4 #NATU3 #CSAN3"
"🏦 #ITSA4: Como projetar o preço-teto adequado da Itaúsa para 2026

Passo a passo de como projetar um preço-teto adequado para ações da Itaúsa (ITSA4), utilizando uma abordagem focada em dividendos, renda passiva e margem de segurança. O que é PREÇO-TETO em ações? Preço teto é o valor máximo que um investidor aceita pagar por uma ação.

Assista o vídeo completo de Bruno Mazzoni:
https://t.co/bFU1lWgsQc"
"📊 #CSAN3: Como criar plano de investimento na Cosan para 2026

A Cosan é um dos maiores grupos empresariais do Brasil, com atuação diversificada em energia, logística, açúcar e etanol, sendo uma ação bastante acompanhada por investidores que buscam crescimento, diversificação e geração de valor no longo prazo.

Assista o vídeo completo de @brumazzoni:
https://t.co/oRzJ9KhEPo"
"📅 #EGIE3: 2026 será um bom ano para Investir em Engie?

Análise sobre o potencial de Engie Brasil (EGIE3) para 2026, com avaliação criteriosa da Engie, explorando resultados operacionais, evolução da dívida, política de dividendos, recompra de ações e fundamentos que podem definir oportunidades racionais de investimento nos próximos anos.

Assista o vídeo completo de @brumazzoni:
https://t.co/ciLTfCUjv3"
"📈 #CXSE3 ou #CDI? Descubra se a Caixa Seguridade deve superar o CDI em 2026

Uma análise simples e comparativa entre as ações da Caixa Seguridade (CXSE3) e o CDI, projetando cenários até 2026. Se você está começando a investir e quer entender se vale a pena escolher ações da Caixa Seguridade ao invés de investir no CDI, você vai aprender de maneira clara e objetiva.

Assista o vídeo completo de Bruno Mazzoni:
https://t.co/UndIZQY61M"
"⛏️ Vale (#VALE3): Ações podem subir a R$ 85 em dezembro de 2026

Como os resultados da empresa estão crescendo, os principais pontos do Vale Day em Londres, as projeções de resultados para 2026, dividendos de 13%, preço-justo de R$ 85 e potencial de retorno de 35%.

Assista o vídeo completo de Flávio Conde:
https://t.co/AiU3lhu6oJ"
"💉 A bolha que estourou em Fleury (#FLRY3) e por que 2026 pode ser espetacular

Se você investe em bolsa de valores, busca oportunidades em ações com forte geração de caixa ou quer entender se a FLRY3 está cara ou barata após a correção, este conteúdo vai te ajudar a tomar decisões mais conscientes.

Assista o vídeo completo de @brumazzoni:
https://t.co/6e2DoBOdmt"
"🇧🇷 Fechamento de Mercado no Brasil em 01/12

O #Ibovespa fechou em baixa seguindo o mercado dos EUA.

🛢️ A #ENEV3 liderou o índice com a alta do petróleo no exterior e impulsionada também pela recomendação de compra da XP, que iniciou cobertura da empresa.

🥩 A #MBRF3 foi quem mais caiu no dia com ajuste de posições e também a preocupação pelo retorno da peste suína na Espanha.

Fora do índice, a Oi #OIBR3 caiu -25% com a briga judicial envolvendo Anatel e a União, enquanto a Sequoia #SEQL3 caiu -22% após emissão de debêntures."
"🛢️ Ações da Petrobras (#PETR4) podem cair a R$ 30 em dezembro de 2026

O mata-mata de hoje é sobre a Petrobras (PETR4), que pode cair a R$ 30 em dezembro de 2026. Vou mostrar como os resultados da empresa estão piorando, os riscos do novo Plano de Negócio 2026-30 e riscos crescentes do setor de petróleo e da própria Petrobras.

Assista o vídeo completo de Flávio Conde:
https://t.co/TsinrXYJZE"
"📉 O que aconteceu com Magazine Luiza (#MGLU3)? Mudança de tendência?

Leitura das médias móveis de 50 e 200 períodos, duas referências importantes para identificar a força da tendência e potenciais regiões de suporte e resistência.

Assista o vídeo completo de Roberto Fernandes:
https://t.co/nqKPtoC5uf"
"🇧🇷 Fechamento de Mercado no Brasil em 2/12

O #Ibovespa fechou em alta renovando máximas e chegando a alcançar 161 mil pontos ainda empurrado pelo cenário externo e a expectativa de corte de juros pelo Fed.

🚢 A #CVCB3 liderou o índice após os fundos Apex adquirirem 10% da empresa."
"⛽️ Raízen (#RAIZ4): Turnaround avança, mas alavancagem elevada ainda limita potencial

Apesar dos esforços da Raízen de melhorar a lucratividade e redução no nível de endividamento, o cenário segue bastante desafiador para a companhia, pois seu nível de alavancagem ainda é bastante alto, ou seja, a relação dívida líquida/ebitda foi de 5,1x no último trimestre divulgado ante 2,6x em igual período da safra anterior o que dificilmente fará com que a empresa consiga atingir uma desalavancagem orgânica significativa no curto prazo.

Leia o artigo completo de Caio Amoed:
https://t.co/3gPa7s3uyi"
"🏋️‍♂️ SmartFit (#SMFT3): Muita expansão e pouco lucro, a tese que ninguém quer enxergar

Em meados do mês de julho de 2021, a Smart Fit estreava na bolsa com um brilho quase hipnotizante. A empresa levantava cerca de 2,3 bilhões de reais em seu IPO, era tratada como a joia do setor de fitness e carregava a promessa sedutora de transformar academias em um negócio de escala continental, lucrativo e previsível. O entusiasmo era tão grande que muitos analistas enxergavam ali o início de uma nova era para o mercado de wellness na América Latina. Um case de crescimento rápido, execução impecável e um futuro que parecia ilimitado. Mas o tempo, como sempre, é o juiz mais honesto do mercado. O que antes era interpretado como expansão estratégica hoje levanta dúvidas incômodas.

Leia o artigo completo de Rafael Etzel:
https://t.co/00pg9cu0Hj"
"📺 #BHIA3: Ações de Casas Bahia caíram 32% em 8 meses, mas era possível ter lucrado

A dinâmica entre compradores e vendedores vai além da simples expectativa de valorização dos papéis no mercado acionário. Enquanto uma parcela dos investidores atua projetando alta e comprando ações apostando no avanço dos preços, outra parte opera na direção oposta, antecipando quedas e buscando lucrar com movimentos de baixa.

Leia o artigo completo do InvestingPro:
https://t.co/9kDdt8G8GW"
"🧐 Renda Fixa é segura, mas será que ela vai te deixar rico? 

Saia do básico e acesse as melhores oportunidades da Bolsa antes de explodirem com ajuda de IA, agora com 60% OFF na Black Friday!

Clique no link para garantir: https://t.co/ASjgeC4jF9

#investimentos #bolsadevalores #rendafixa #ações #TIMS3 #mercadofinanceiro #b3 #dividendos #blackfriday #investingpro #inteligenciaartificial"
"💡 Mercado mandando vender Taesa (#TAEE11), o que fazer?

Tem investidor vendendo Taesa e o motivo real não é político, nem tem relação com Brasília. A história é outra… e quase ninguém está falando dela.

Assista o vídeo completo de Carol Stange em nosso site ou app

https://t.co/U3Awhv3ZfL"
"📈 Bradesco tem lucro líquido de R$6,5 bi no 4º tri, ROE supera custo de capital

O Bradesco reportou lucro líquido recorrente de R$ 6,5 bilhões no 4T25, um salto de 20,6% em relação ao ano anterior. O resultado veio em linha com as expectativas e marca um ponto de virada na reestruturação da instituição.

O destaque do balanço: O ROE subiu para 15,2%. Pela primeira vez em um ciclo recente, o banco superou seu custo de capital. Segundo o CEO Marcelo Noronha, o objetivo agora é um crescimento gradual e seguro em 2026.

#BBDC4 #BBDC3

🧵"
"💸 IRB Brasil (#IRBR3): Vale a pena comprar agora?

No 3T/2025, a empresa apresentou receita forte, superando as expectativas, mas teve lucro por ação (EPS) aquém do projetado — o que gerou cautela no mercado. Ao mesmo tempo, a companhia destacou uma estratégia de foco em linhas lucrativas de property, engineering e riscos internacionais, com renovação de contratos e perspectiva de melhora de margens.

Assista o vídeo completo de Roberto Fernandes:
https://t.co/NtFN1h9oDQ"
"🏃‍♂️ #TFCO4: Análise destaca ação “fora do radar” e discute fundamentos da Track&Field

Há uma ação na B3 pouco comentada entre investidores pessoa física, mas bastante presente nas carteiras de grandes fundos: a Track&Field (TFCO4). A companhia, conhecida por artigos esportivos e moda fitness, vem ganhando espaço em meio à tendência de busca por vida saudável, bem-estar e prática esportiva.

Assista o vídeo completo de Bruno Mazzoni:
https://t.co/skcAmqMgfy"
"🇧🇷 #Inflação: IPCA-15 supera expectativa e sobe 0,20% em novembro

O IPCA-15, considerado a prévia da inflação oficial, subiu 0,20 por cento em novembro, sobre alta de 0,18 por cento no mês anterior, informou o IBGE nesta quarta-feira. Pesquisa da Reuters com economistas estimava alta de 0,18 por cento para o período.

O acumulado em 12 meses está em 4,50%.

#IPCA #IPCA15 #IBGE"
"📈 #BHIA3: Otimismo e risco no gráfico com alta de 11% das Casas Bahia

As ações das Casas Bahia fecharam em forte alta nesta terça-feira, com um salto de 11,1%, encerrando o pregão cotadas a R$ 3,80. A disparada coloca o papel exatamente no centro de uma batalha técnica decisiva, que definirá se o movimento se trata de um rompimento de alta sustentável ou de uma potencial armadilha de alta (bull trap).

Leia a análise completa do WarrenAI no link:
https://t.co/eVHZZTfNdb"
"🇧🇷 Fechamento de Mercado no Brasil - 19/11

O #Ibovespa fechou em leve baixa novamente em dia marcado pela ata do Fed levantando dúvida sobre novo corte de juros nos EUA.

O destaque da Bolsa, para o lado negativo, foi a queda de quase 9% da #MBRF3 em novo dia de correção após altas impulsionadas pela redução das tarifas sobre a carne bovina."
"🇧🇷 Fechamento do Mercado no Brasil - 18/11

O #Ibovespa fechou em leve queda com ambiente geral de aversão ao risco pelo mundo por conta do setor de tecnologia nos EUA e ainda à espera de novos dados econômicos por lá.

📚 Cogna disparou quase 10% após anunciar emissão de R$ 1 bilhão em debêntures #COGN3 

🥩 Já a MBRF desceu mais de 8% em realização de ganhos recentes; a ação havia liderado o índice ontem #MBRF3"
"PROTIPS INSIGHTS: FLRY3 🩺 Fleury virou Black Friday?

As ações caíram depois que o rumor de fusão com a Rede D’Or esfriou.

Mas será que essa queda abre oportunidade de entrada ou é sinal para passar longe?

Conheça mais sobre as ProTips e como analisar ações sem precisar ser um profissional no link: https://t.co/ASjgeC4RuH

#fleury #FLRY3 #rededor #RDOR3 #investimentos #acoes #bolsadevalores #investidor #mercadofinanceiro"
"💵 Kepler Weber (#KEPL3): Aceitar a proposta de R$ 11 da GPT?

Analisando a Kepler Weber desde a sua área de atuação até o preço-justo das ações passando pelos resultados do 3T25,  perspectivas, projeção de resultados, dividendos, preço-justo e, finalmente, preço-justo x proposta da Grain & Protein Technologies (GPT).

Assista o vídeo completo de Flávio Conde em nosso site ou app

https://t.co/rbustfSQ4R"
"🛍️ Magazine Luiza (#MGLU3) em ponto de virada?

A ação da Magazine Luiza encontra-se num momento de cautela técnica — o longo prazo mostra desafios, o médio prazo exige confirmação de movimento de recuperação, e no curto prazo existe oportunidade, mas com risco que precisa ser gerenciado com stop loss.

Assista o vídeo completo de Roberto Fernandes em nosso site ou app

https://t.co/C2X9kskfoq"
"🇧🇷 Fechamento de Mercado no Brasil - 14/11

🐔A #MBRF3 disparou e fechou a semana liderando o #Ibovespa com +32% de alta, em parte graças à retomada de compra de frango pela China

📚 Na outra ponta, a #YDUQ3 caiu quase 7% no dia após o balanço do 3T25 mostrar queda de 35,5% no lucro comparado ao 3T24"
"🇧🇷 Fechamento do Mercado no Brasil - 12/11

O Ibovespa fechou em baixa e encerrou a maior série de altas em mais de 30 anos, em grande parte graças à queda da Petrobras (#PETR4), que sofreu com a queda acentuada do petróleo no exterior.

Os resultados de balanços guiaram as maiores altas e baixas do #Ibovespa: Taesa (#TAEE11) subiu quase 6%, enquanto a CVC (#CVCB3) caiu mais de 8%."
"💳 Análise técnica do Banco do Brasil (#BBAS3) antes do balanço

Dissecando o desempenho da ação do Banco do Brasil sob o ponto de vista da análise técnica, trazendo suporte e resistência importantes, médias móveis relevantes (ex.: MM20, MM50, MM200) e mais

Assista o vídeo completo de Roberto Fernandes em nosso site ou app

https://t.co/W3oR9jP7xv"
"⚙️ Metal Leve (#LEVE3): O motor silencioso da rentabilidade na B3

A Mahle Metal Leve é uma empresa brasileira de autopeças que fabrica e comercializa componentes de motores à combustão interna e filtros automotivos. A empresa possui uma grande vantagem competitiva que é a sua atuação tanto em cenários de crise através da atuação no mercado de aftermarket.

Leia o artigo completo de Caio Amoed em nosso site ou app

https://t.co/1yRdxnZukt"
"🚌 Comprar ou vender #Marcopolo (#POMO4) depois de cair -20%?

Fiz o mata-mata de Marcopolo depois de cair -22% em três dias analisando em profundidade desde a governança corporativa até cotação atual x preço-justo passando por um mergulho nos resultados do 3T25 bem como olhando o futuro com projeções de resultados para 2026, dividendos a serem pagos nos próximas doze meses, múltiplos, preço-justo, preço-alvo médio de analistas do mercado e recomendações.

Assista o vídeo completo de Flávio Conde em nosso site ou app

https://t.co/ADBTlm0EmR"
"PROTIPS INSIGHTS: BBAS3 📈 Está chegando o balanço do Banco do Brasil!

Depois de subir 10 dias seguidos, será que o momento é de compra ou cautela antes da divulgação?

Assista e anote: live especial pré-balanço amanhã, às 18h, no YouTube! Ative as notificações aqui: https://t.co/f5yZxZkskW

#bancodobrasil #bb #BBAS3 #investimentos #acoes #bolsadevalores #investingpro #warrenai"
"🛍️ Magazine Luiza (#MGLU3) sob pressão: O que pode acontecer?

As últimas novidades da Magalu cobrindo desde balanços, movimentações estratégicas, concorrência no varejo e e-commerce, até o que tudo isso pode significar para o desempenho da ação.

Leia o artigo completo de Roberto Fernandes em nosso site ou app

https://t.co/KD1MpmUoQR"
"🇧🇷 Fechamento do Mercado no Brasil - 06.11

O #Ibovespa chegou a superar os 154 mil pontos, mas recuou e fechou com alta de 0,02%.

Mesmo com divulgação de resultados positivos, a Minerva #BEEF3 derreteu -13,48%; na outra ponta, a Rede D'Or #RDOR3 disparou +7,88% após reportar lucro bilionário"
"🇧🇷 Fechamento de Mercado no Brasil - 05/11

O #Ibovespa superou seu antigo recorde ao fechar em alta de 1,72%, refletindo otimismo local mesmo diante do mau humor externo. 

Destaque para Vamos #VAMO3 e C&A #CEAB3, com altas acima de 8%, enquanto a Companhia Siderúrgica Nacional #CSNA3 caiu 4,60%.

💡 O Que Pode Vir Pela Frente?

- Alerta de Wall Street: Jamie Dimon (JPMorgan) reforça tom de cautela global.
- Fluxo para emergentes: cenário de juros mais altos lá fora pode desafiar o otimismo local.
- Valuation: máximas históricas exigem atenção à sustentabilidade dos lucros das empresas brasileiras, principalmente se o cenário externo piorar."
"EXTRAVASAMENTO 

A Vale ‍(VALE3) disse na noite ⁠de domingo (01) que o Ministério ‍Público Federal pediu à justiça a adoção de medidas liminares, ‌incluindo o bloqueio patrimonial no valor de R$1 bilhão, após o extravasamento ocorrido na madrugada de domingo passado, na mina ‌de Fábrica em Ouro Preto, ‌Minas Gerais.

Conforme comunicado ao mercado, o MPF apresentou uma tutela cautelar antecedente sob argumento de prevenir o agravamento ‌de supostos danos ambientais.

Autoridades do governo do estado de Minas ​Gerais informaram na quinta-feira que, além da água, os rejeitos da operação de mineração de minério de ferro da Vale em Fábrica atingiram o rio Maranhão.

Os transbordamentos foram causados pelas fortes chuvas ocorridas no ​dia ⁠e na ⁠semana anteriores ao incidente, disseram as autoridades. A ‌mineradora disse que apresentará sua defesa dentro do prazo legal.

Leia mais no site do InfoMoney.

Foto: Reprodução

#MinasGerais #Vale #Mineração #Brasil"
"PRÊMIO OUTLIERS INFOMONEY 2026
 
O Fundo IFRA11, gerido pela Itaú Asset, foi eleito o Melhor FI-Infra na edição 2026 da Premiação Outliers InfoMoney, iniciativa que reconhece os destaques da indústria de fundos no Brasil com base em critérios técnicos e quantitativos.
 
Os fundos JURO11, da Sparta, e CPTI11, da Capitania Investimentos, ficaram respectivamente no segundo e terceiro lugar da categoria. A cerimônia, que acontece nesta quinta (29), reconhece os destaques da indústria de investimentos no Brasil
 
Veja todos premiados no site do InfoMoney.
 
#IMC #OutliersInfoMoney #MercadoFinanceiro #Investimentos"
"PRÊMIO OUTLIERS INFOMONEY 2026

O Fundo de Investimento Imobiliário (FII) Kinea Fundo de Fundos (KFOF11), gerido pela Kinea Investimentos, é o vencedor da categoria Melhor FII Multiestratégia na edição 2026 da Premiação Outliers InfoMoney, iniciativa que reconhece os destaques da indústria de fundos no Brasil com base em critérios técnicos e quantitativos.

Os fundos HFOF11, da Hedge, e XPSF11, da XP Asset, ficaram respectivamente no segundo e terceiro lugar da categoria. A cerimônia, que acontece nesta quinta (29), reconhece os destaques da indústria de investimentos no Brasil

Veja todos premiados no site do InfoMoney.

#IMC #OutliersInfoMoney #MercadoFinanceiro #Investimentos"
"PRÊMIO OUTLIERS INFOMONEY 2026
 
O FII Riza Akin (RZAK11), da Riza Asset, é o grande vencedor da categoria Melhor Fundo Imobiliário de Papel na edição 2026 da Premiação Outliers InfoMoney, iniciativa que reconhece os destaques da indústria de fundos no Brasil com base em critérios técnicos e quantitativos.
 
Os fundos VGIR11, da Valora, e RBRY11, da RBR Asset, ficaram respectivamente no segundo e terceiro lugar da categoria. A cerimônia, que acontece nesta quinta (29), reconhece os destaques da indústria de investimentos no Brasil.
 
Veja todos premiados no site do InfoMoney.
 
#IMC #OutliersInfoMoney #MercadoFinanceiro #Investimentos"
"PRÊMIO OUTLIERS INFOMONEY 2026

O fundo imobiliário RBRL11, gerido pela RBR Asset, foi o grande vencedor da categoria Melhor FII – Tijolo na edição 2026 da Premiação Outliers InfoMoney, iniciativa que reconhece os destaques da indústria de fundos no Brasil com base em critérios técnicos e quantitativos.

Os fundos PATL11, da Pátria, e TVRI11, da Tívio Capital, ficaram respectivamente no segundo e terceiro lugar da categoria. A cerimônia, que acontece nesta quinta (29), reconhece os destaques da indústria de investimentos no Brasil.

Veja todos premiados no site do InfoMoney.

#IMC #OutliersInfoMoney #MercadoFinanceiro #Investimentos"
"PRÊMIO OUTLIERS INFOMONEY 2026

O Fundo VGIA11, gerido pela Valora Investimentos, foi eleito o Melhor FI-Agro na edição 2026 da Premiação Outliers InfoMoney, iniciativa que reconhece os destaques da indústria de fundos no Brasil com base em critérios técnicos e quantitativos.

Os fundos XPCA11, da XP Asset, e SNAG11, da Suno, ficaram respectivamente no segundo e terceiro lugar da categoria. A cerimônia, que acontece nesta quinta (29), reconhece os destaques da indústria de investimentos no Brasil

Veja todos premiados no site do InfoMoney.

#IMC #OutliersInfoMoney #MercadoFinanceiro #Investimentos"
"MERCADOS

O Ministério da Gestão e da Inovação em Serviços Públicos (MGI) informou nesta quinta (29), que o lucro das empresas estatais federais foi de R$ 136,3 bilhões no terceiro trimestre de 2025, desempenho 22,5% superior ao dos primeiros nove meses de 2024. O lucro da Petrobras (PETR4), de R$ 94,6 bilhões, equivale a 69,4% do total. 

No que se refere às principais formas de remuneração aos acionistas, no acumulado do 3º trimestre de 2025 as empresas estatais pagaram um total de R$ 65 bilhões em dividendos e juros sobre capital próprio (JCP), dos quais R$ 33 bilhões foram pagos à União e R$ 32 bilhões aos demais acionistas.

Saiba mais no Infomoney.
Foto: montagem/Leo Albertino
#Mercados #Petrobras #Estatais"
"FABRICAÇÃO DE AERONAVES

A Embraer ‍(EMBJ3) e o grupo indiano Adani ⁠farão uma parceria para estabelecer uma ‘venture’ de aeronaves ‍de transporte regional na Índia, informaram as empresas nesta terça (27), anunciando a entrada da Adani na ‌fabricação de aeronaves comerciais.

A iniciativa permite que a Adani, que administra aeroportos e possui um crescente negócio na área de defesa e aeroespacial, contribua para o empenho da Índia em aumentar sua participação na ‌fabricação de aeronaves, desde a montagem até a ‌produção de peças e componentes.

Em uma declaração conjunta, as empresas disseram que assinaram um memorando de entendimento para explorar a cooperação na fabricação de aeronaves, cadeias de suprimentos, serviços de pós-venda ‌e treinamento de pilotos, mas não divulgaram detalhes financeiros.

Leia mais no site do InfoMoney.

Foto: Agência Brasil

#Embraer #Avião #Índia #Mercados"
"SINGAPORE AIRSHOW

A Embraer (EMBJ3) divulgou que exibirá as aeronaves E195-E2 e KC-390 Millennium no Singapore Airshow, que ocorrerá de 3 a 8 de fevereiro.

Segundo a companhia, a forte presença no evento demonstra o compromisso com o crescimento na região Ásia-Pacífico, expandindo presença em todas as unidades de negócio: Aviação Comercial, Defesa, Jatos Executivos, Serviços e Suporte.

“As companhias aéreas da região veem cada vez mais os E-Jets e E2 como ativos estratégicos para fortalecer a conectividade na Ásia-Pacífico. Ao mesmo tempo, vemos um forte potencial para o KC-390 Millennium, à medida que a aeronave continua a ganhar tração global, demonstrando sua capacidade multimissão, confiabilidade e eficiência”, disse Francisco Gomes Neto, presidente e CEO da Embraer, em nota.

Leia mais no site do InfoMoney.

Foto: Sgt Müller Marin/FAB

#Embraer #KCMillennium #Avião #Mercados"
"AÇÕES

Enquanto os mercados americanos tiveram forte queda, o Ibovespa renovou máxima histórica nesta terça (20), perto dos 166.500 pontos. O movimento foi puxado pela melhora das blue chips Vale (VALE3) e Petrobras (PETR3;PETR4), descolando do viés negativo de mercados acionários no exterior, onde os negócios eram afetados principalmente por novas ameaças de tarifas dos Estados Unidos.

Na visão do analista Felipe Cima, da Manchester Investimentos, o Brasil acaba se beneficiando desse movimento, uma vez que a bolsa ainda está “bastante depreciada”.

Dados da B3 neste começo de ano mostram entrada líquida de capital externo na bolsa, com o saldo positivo em R$7,3 bilhões até a última sexta.

Saiba mais no Infomoney. 
Foto: Carla Carniel/Reuters
#Mercados #Ibovespa #Trader"
"EMPRESAS SÃO DETIDAS PELA PHOENIX ÁGUA E ENERGIA

A diretoria da Agência Nacional de Energia Elétrica (Aneel) aprovou nesta terça (20), a transferência do controle da Empresa Metropolitana de Águas e Energia (Emae) e da Pirapora Energia para a Companhia de Saneamento Básico do Estado de São Paulo (Sabesp – SBSP3). 

O diretor Gentil Nogueira já havia adiantado, na semana passada, o voto favorável à venda.

Em dezembro de 2025, a diretora e relatora Agnes da Costa votou a favor da transferência de controle societário. Nogueira, porém, entendeu que seria necessária melhor avaliação dos efeitos da decisão e, por isso, pediu vista.

Leia mais no site do InfoMoney.

Foto: Divulgação

#Mercados #Sabesp #Aneel"
"CINCO NAVIOS GASEIROS

A Petrobras (PETR3;PETR4) e ‍sua subsidiária de transporte e logística Transpetro assinarão nesta terça (20) ⁠contratos para a construção de cinco navios gaseiros, além de 18 barcaças ‍e 18 empurradores, em três estaleiros brasileiros, com investimentos totais de R$ 2,8 bilhões, informou a companhia.

O estaleiro Rio Grande (RS) será responsável pela obra dos gaseiros, ‌enquanto o estaleiro Bertolini Construção Naval da Amazônia (AM) construirá as 18 barcaças e o estaleiro Indústria Naval Catarinense (SC) vai construir os 18 empurradores, informou a petroleira.

Em nota, a Petrobras afirmou que, com as novas embarcações, haverá redução da dependência de afretamentos, proporcionando maior flexibilidade e eficiência às operações logísticas de movimentação de ‌gases liquefeitos (GLP) e de outros produtos.

Leia mais no site do InfoMoney.

Foto: Ricardo Moraes/Reuters

#Petrobras #Navio #Petróleo #Economia"
"SEGURANÇA DE VOO

A Gol (GOLL4) entrou no ranking das companhias aéreas low-cost mais seguras no mundo em 2025. A relação foi elaborada pelo site mundial de segurança aérea e avaliação de produtos https://t.co/jmk4VBJEIR e considerou taxas de incidentes ajustadas ao número total de voos, idade da frota, incidentes graves, treinamento de pilotos e auditorias internacionais de segurança.

Na nova edição do ranking, a liderança entre as empresas de baixo custo ficou com a HK Express, de Hong Kong, seguida pela Jetsar Airways, do Canadá, e pela Soot, de Singapura. A Gol apareceu na 24ª posição do ranking.]

Leia no Infomoney.
Foto: reprodução/shutterstock
#Business #Mercados #Aviação"
"IBOVESPA

A era dos recordes voltou? O Ibovespa disparou 1,96% nesta quarta (14), na maior alta desde os 2,57% de 22 de agosto, e foi aos 165.145,98 pontos, um ganho de 3.172,93 pontos, maior nível de fechamento de todos os tempos, mas na máxima do dia foi um pouquinho além e renovou a máxima histórica, ao bater em 165.146,49 pontos, superando os 165.035,97 pontos alcançados em 5 de dezembro último – conhecido como “Flavio Day”, justamente o dia em que o ex-presidente Jair Bolsonaro indicou seu filho, o senador Flávio, como candidato da família à Presidência; em um movimento que derrubou a bolsa em mais de 4%.

Hoje, em contrapartida, o mercado recebeu bem o resultado da pesquisa de intenção de voto Genial/Quaest, que mostra a diferença entre Flavio e o atual presidente Lula, diminuindo. E, para deixar o impulso ainda mais vigoroso, a Vale (VALE3) subiu quase incríveis 5%, com mais 4,74%. A Petrobras (PETR4) não ficou de fora da festa e avançou 2,73%, com mais uma alta do petróleo, reflexo das tensões no Irã.

Saiba mais no Infomoney.
Foto: reprodução/Canva
#Mercados #Ibovespa #Ações"
"REESTRUTURAÇÃO

A companhia aérea Azul (AZUL53) ⁠anunciou nesta terça (13) que seu ‍capital social poderá chegar a R$15,7 bilhões após a conversão de bônus de subscrição de ações em operação que faz parte de plano de recuperação judicial da empresa.

A Azul afirmou que o aumento de capital será homologado na quarta-feira em reunião do conselho de administração.

Leia no Infomoney
Foto: Rahel Patrasso/Reuters 
#Mercados #Azul #Ações"
"AÇÕES

O Ibovespa ‍fechou em queda pelo segundo pregão seguido nesta terça (13), ⁠acompanhando o viés negativo em Wall Street, com ações de bancos e de ‍serviços de utilidade pública, como Axia (AXIA3;AXIA6) e Sabesp (SBSP3), entre as maiores pressões de baixa, enquanto Petrobras (PETR3;PETR4) e Vale (VALE3) evitaram um declínio mais acentuado.

O Ibovespa recuou 0,72%, a 161.973,05 pontos, após marcar 161.765,08 pontos na mínima e 163.146,26 pontos na máxima do dia. O volume financeiro somou R$24,9 bilhões.

Leia no Infomoney.
Foto: divulgação/B3
#Mercados #Ibovespa #Trader"
"REESTRUTURAÇÃO

A Azul concluiu a conversão integral de suas ações preferenciais em ordinárias e, com isso, passa a ter seus papéis negociados exclusivamente como ações ON, sob o ticket AZUL53, a partir desta terça (13). 

A mudança ocorre após a realização de uma oferta de ações de R$ 7,4 bilhões, dentro do plano de recuperação judicial em andamento nos Estados Unidos (Chapter 11). O plano previa a conversão de 724.757.380.468 ações PN, que correspondem a 100% dessa classe, na razão de 75 ações ON para cada 1 ação PN. Os papéis AZUL53 da companhia aérea fecharam com forte queda de 69,51%, a R$ 41,25.

Leia no Infomoney
Foto: reprodução redes sociais
#Mercados #Ações #Azul"
"OFERTA PÚBLICA

As ações da Gol (GOLL54) tinham forte alta no pregão desta segunda (12), após a empresa dar detalhes sobre o seu fechamento de capital previsto para as próximas semanas.

O lote de 1.000 ações preferenciais da companhia aérea subia 55,2%, a R$ 9,7 às 11h25.

A companhia aérea publicou na sexta (9), após o fechamento do mercado, laudo de avaliação elaborado pela Apsis Consultoria que indicou um valor de R$ 10,13 por lote de mil ações preferenciais como preço para oferta para fechamento de capital da companhia aérea.

A empresa afirmou que o lançamento do edital da oferta pública de aquisição (OPA) deve “ocorrer nas próximas semanas”.

Veja mais no InfoMoney:  https://t.co/fGBLBkMezu

Foto: Adriano Machado/Reuters

#Mercados #Gol #Ações"
"JUROS SOBRE CAPITAL PRÓPRIO

O Conselho de Administração do Santander (SANB11) aprovou nesta sexta (9) a distribuição de juros sobre capital próprio no valor de R$ 2 bilhões, equivalentes a R$ 0,25517315448 por ação ordinária, R$ 0,28069046993 por ação preferencial e R$ 0,53586362441 por Unit.

Farão jus aos proventos os acionistas que se encontrarem inscritos nos registros da Companhia no final do dia 20 de janeiro de 2026.

A partir de 21 de janeiro de 2026 (inclusive), as ações do banco serão negociadas “Ex-Juros sobre o Capital Próprio”.

Leia mais no site do InfoMoney.

Foto: Angel Garcia/Bloomberg

#Mercados #Ações #Dividendos #Santander"
"FECHAMENTO DE CAPITAL

A ⁠Gol (GOLL4) anunciou nesta sexta (9) ‍que laudo de avaliação elaborado pela Apsis Consultoria indicou um valor de R$10,13 por lote de mil ações preferenciais como preço para oferta para fechamento de capital da companhia aérea, segundo fato relevante ao mercado.

A empresa afirmou que o lançamento do edital da oferta pública de aquisição (OPA) deve ‘ocorrer nas próximas semanas’.

Em meados de outubro, a Gol anunciou plano para uma reorganização societária que previa fechamento do ⁠capital ⁠da empresa e saída da companhia do nível 2 de governança da B3.

Leia no Infomoney.
Foto: divulgação/Gol
#Mercados #Gol #OPA"
"COMPILADO DE RECOMENDAÇÕES

Em um ano que promete muita volatilidade com eleições no Brasil e tensão geopolítica na América, as ações que pagam dividendos podem ser boas escolhas para as carteiras.

Afinal, as empresas que distribuem proventos regularmente são geradoras de caixa e geralmente consideradas defensivas.

Para começar o ano com um portfólio de renda passiva sólido, Petrobras (PETR4) e Caixa Seguridade (CXSE3) são as ações mais recomendadas.

É o que mostra levantamento feito pelo InfoMoney, que compilou as indicações das carteiras das principais corretoras do País.

Arraste para o lado e veja mais.

Leia no site do InfoMoney.

Foto: Reuters

#Mercados #Ações #Dividendos"
"OFERTA DE AÇÕES
 
As ações da Azul (AZUL54) tiveram uma nova sessão de queda nesta quinta (8), apresentando um recuo de impressionantes 90,20%, a R$ 25.
 
O movimento ocorre após o Conselho de Administração da empresa aprovar, conforme divulgado na quarta, um aumento de capital totalizando R$ 7,44 bilhões por meio da emissão de novas ações ordinárias e preferenciais, a R$ 0,01014509 cada.
 
Após a oferta, o capital da empresa passa a ser de R$ 14,57 bilhões, dividido em 1,45 trilhão de ações (725,99 bilhões ordinárias e 724,75 bilhões preferenciais).
 
A oferta de ações teve como objetivo viabilizar a capitalização obrigatória das dívidas financeiras da Azul, por meio da conversão de títulos emitidos no exterior em ações.
 
“O aumento de capital ficou em linha com as expectativas, dando continuidade ao desenvolvimento do plano de recuperação judicial da Azul”, ressalta o Bradesco BBI.
 
Foto: Divulgação/Azul
 
#Mercados #Ações #Azul #AZUL54"
"MERCADOS

Após a correção do dia anterior, o Ibovespa retomou a linha dos 162 mil pontos, e se reaproximou dos 163 mil no fim desta quinta-feira, 08, atingindo a máxima do dia no fechamento – em alta de 0,59%, aos 162.936,48 pontos –, colocando até aqui o ganho na semana a 1,49% e o do mês e ano a 1,12%.

Nesta quinta, as ações de Petrobras ON (PETR3) tiveram protagonismo para o avanço do índice, com alta de 2,50%, e a Petrobras PN (PETR4), de 1,24%, enquanto Vale ON (VALE3) exerceu pressão negativa, em baixa de 0,97% no fechamento. O giro foi a R$ 23,4 bilhões na sessão.

Saiba mais no Infomoney.  
Foto: reprodução/Canva
#Mercados #Ações #Ibovespa"
"US$ 3,88 TRILHÕES

A Alphabet (BDR: GOGL34) superou a Apple (AAPL34) em valor de mercado na quarta (7), pela primeira vez desde 2019, impulsionada pelo desempenho das ações e pelo avanço da empresa no mercado de IA.

A controladora do Google encerrou o pregão com capitalização de US$ 3,88 trilhões, após alta superior a 2% dos papéis, que fecharam a US$ 322,03. 

Já a Apple terminou o dia avaliada em US$ 3,84 trilhões, com as ações acumulando queda de mais de 4% nos últimos cinco pregões.

Segundo dados da Dow Jones Market Data, o movimento também marcou a primeira vez desde 26 de fevereiro de 2018 que a Alphabet se tornou a segunda empresa mais valiosa dos EUA, atrás apenas da Nvidia (NVDC34), que supera US$ 4,6 trilhões em valor de mercado.

Leia mais no site do InfoMoney.

Foto: Dado Ruvic/Ilustração/Reuters

#Mercados #Alphabet #Apple #Nvidia"
"AÇÕES CAEM 16% NO ANO

As ações da C&A (CEAB3), que tiveram forte desempenho em 2025, sofreram uma queda acentuada no início de 2026, com os papéis despencando 15,71% em um único dia de pregão, cotados a cerca de R$ 10,46 e liderando as perdas do Ibovespa.

Desde o fim de novembro de 2025, a baixa acumulada é de cerca de 44%, revertendo o salto de 77% registrado no ano passado; no curto ano de 2026, CEAB3 já acumula queda de cerca de 16%, a maior entre os principais ativos da Bolsa brasileira.

O recuo foi provocado pela sinalização da própria varejista a analistas de que as vendas nas mesmas lojas ficaram praticamente estáveis no quarto trimestre de 2025, bem abaixo das expectativas do mercado, que esperava crescimento, o que frustrou investidores e aumentou a aversão ao papel.

Leia mais no site do InfoMoney.

Foto: Divulgação

#Mercados #CEABR3 #Varejo #Ações"
"‘'MEDIDAS CABÍVEIS’'

A Axia Energia (AXIA3), anteriormente ⁠conhecida como Eletrobras, afirmou nesta ‍terça (6) que vai recorrer de liminar que determinou que a empresa provisione R$ 750 milhões relacionados à participação nos lucros e resultados (PLR) de funcionários.

‘A companhia adotará todas as medidas judiciais cabíveis para buscar a revogação da decisão liminar’, afirmou a empresa em comunicado.

A Axia se referiu a duas ações coletivas abertas por entidades sindicais que pedem revisão de ‍PLR por conta da bonificação em ações aprovada por acionistas da companhia em 19 de dezembro.

Nesse dia, acionistas da ‍companhia aprovaram em assembleia a distribuição de R$30 bilhões em reservas de lucro por meio de bonificação de ações.

Leia mais no site do InfoMoney.

Foto: Divulgação 

#Mercados #Axia"
"DE OLHO NOS DADOS DA SEMANA

O Ibovespa fechou em alta firme nesta terça (6), impulsionado pelo ambiente global mais favorável a ativos de risco, tendo também como suporte ganhos de ações de peso do índice, como Vale (VALE3) e papéis do setor financeiro, que tiveram mais uma sessão positiva.

O Ibovespa subiu 1,11%, a 163.663,88 pontos, após marcar 161.869,76 na mínima e 164.135,03 na máxima do dia. O volume financeiro somou R$24,8 bilhões.

Com a diminuição de temores em relação a possíveis desdobramentos econômicos do ataque dos EUA contra a Venezuela que capturou o presidente do país, Nicolás Maduro, no fim de semana, investidores voltam a direcionar atenções para a agenda de indicadores e para a busca de pistas sobre os rumos da política monetária, tanto localmente quanto no exterior.

Na cena local, as atenções desta semana se voltam para os dados da indústria e, principalmente, os números do IPCA de dezembro e da inflação acumulada em 2026.

No exterior, o foco será o relatório mensal de emprego dos EUA, que será divulgado na sexta (9).

Saiba mais no InfoMoney: https://t.co/wZPdBI1LDH

Foto: Canva

#FechamentodeMercado #Bolsa #Ações"
"NOVAS CLASSES DE AÇÕES
 
Desde o fim do ano passado, muitos investidores passaram a ver códigos como RENT4, CYRE4 e AXIA7 no home broker. Não são novas empresas nem erro da corretora, e sim novas classes de ações que apareceram nas carteiras.
 
Localiza, Cyrela e Axia Energia criaram classes preferenciais/especiais e as distribuíram via bonificação após capitalizar reservas de lucro.
 
A mudança ocorre por diferentes motivos, como reorganização societária, capitalização de reservas e planejamento para mitigar efeitos da nova tributação de dividendos.
 
Apesar disso, a reclassificação não é permanente, são instrumentos transitórios com prazo para desaparecer. RENT4 e CYRE4 devem ser convertidas em ON ou resgatadas até 2028, enquanto AXIA7 prevê conversão ou resgate até 2031.
 
Saiba mais no site do InfoMoney.
 
Foto: Canva
 
#Investimentos #Ações #RENT4 #CYRE4 #AXIA7"
"PELO MUNDO, AÇÕES DE DEFESA REGISTRARAM GANHOS

As ações da Embraer (EMBJ3) fecharam esta segunda (5) com alta de 4,85%, a R$ 92,89, em um dia de avanço para o mercado brasileiro, na sessão após invasão dos EUA à Venezuela e deposição de Nicolás Maduro da presidência do país.

Na avaliação de Lucas Girão, economista e especialista em investimentos, o movimento de alta da Embraer tem relação com o cenário geopolítico mais tenso. “No pregão, há uma rotação clara de fluxo para empresas ligadas ao setor aeroespacial e de defesa, reflexo do aumento da aversão a risco e da expectativa de maiores gastos militares em diferentes regiões”, avalia o analista.

Leia no Infomoney.
Foto: Roosevelt Cassio/Reuters
#Mercados #Embraer #Venezuela"
"🏦 Lucro do Santander Brasil cresce 6% no 4º tri

O Santander Brasil (#SANB11) encerrou 2025 com o seu maior lucro trimestral em quatro anos: R$ 4,08 bilhões no 4T25 (+6% anual).

O resultado superou as expectativas do mercado, mas o cenário é de ""copo meio cheio"":

✅ Lucro Anual: R$ 15,6 bilhões (+12,6% vs 2024). 

✅ Rentabilidade (ROAE): 17,6%, superando a Selic atual de 15%. 

✅ Crédito: Carteira cresceu para R$ 708,2 bi, com foco em PMEs e financiamento ao consumo.

Apesar do recorde local, a matriz na Espanha sinalizou um desempenho mais fraco, o que gerou volatilidade nos ativos."
"PARA ACIONISTAS COM POSIÇÃO EM 2 DE JANEIRO

A Caixa Seguridade (CXSE3) informou que vai pagar dividendos no dia 16 de janeiro de 2026, com valor já ajustado pela taxa Selic.

O valor por ação, que era de R$ 0,35, passou a R$ 0,3521 após a atualização até a data do pagamento.

Os acionistas com posição em 2 de janeiro terão direito ao provento, e as ações passam a ser negociadas ex-dividendos a partir desta segunda (5).

Leia mais no site do InfoMoney.

Foto: Canva

#Mercados #Caixa #Dividendos"
"MERCADOS

As ações da Alpargatas (ALPA4; ALPA3) sobem nesta terça-feira (23), recuperando, até agora, as perdas da sessão anterior, após a repercussão negativa gerada por um chamado de boicote à marca Havaianas feito pelo ex-deputado federal Eduardo Bolsonaro nas redes sociais no domingo (21). 

Por volta das 13h10, as ações preferenciais (ALPA4) avançavam 3,41%, a R$ 11,83, enquanto as ordinárias (ALPA3) subiam 5,16%, a R$ 10,60, apagando as perdas registradas na véspera.

Saiba mais em Infomoney.
Foto: Bloomberg
#Mercados #Ações #Alpargatas"
"FIIs 

O Ifix – índice dos fundos imobiliários mais negociados da Bolsa brasileira – fecha 2025 com alta de 21,14%, cravando o melhor desempenho desde 2019, quando o indicador acumulou elevação de 35%. Individualmente, os fundos registraram ganhos de mais de 50%.

O desempenho reflete a expectativa do mercado para o início do ciclo de cortes da taxa Selic, mantida em 15% ao ano na última reunião de 2025 do Comitê de Política Monetária (Copom) do Banco Central, realizada no último dia 10.

“A manutenção da Selic elevada na reunião do Copom foi interpretada como sinal de estabilidade, reforçada por comunicação firme do Banco Central”, confirma relatório gerencial do Patria Malls FII. “Esse posicionamento ancorou expectativas e reduziu percepção de risco e preservando a atratividade dos FIIs, já que investidores entendem que a Selic esteja no pico e veem oportunidade para ganhos quando o ciclo de cortes começar”, complementa o texto.

Diante do sentimento, fundos imobiliários como o RBR Log (RBRL11) registraram ganhos de mais de 50%, como mostra a lista dos top 10 FIIs que mais subiram em 2025. O desempenho considera a variação da cota e os dividendos recebidos ao longo do ano. 

Leia no InfoMoney.

Foto: Canva

#Fiis #Investimentos #OndeInvestir"
"CENÁRIO POSITIVO PARA 2026 

Depois de anos de fluxo tímido e volatilidade, a Bolsa brasileira voltou a chamar atenção em 2025. O Ibovespa caminha para encerrar o ano com valorização superior a 30%, recolocando a renda variável no radar do investidor e reacendendo o debate sobre quais ações podem se destacar no próximo ciclo.

O desempenho se mostra ainda mais relevante diante de um cenário global marcado por juros elevados, incertezas geopolíticas e desafios fiscais domésticos. A resiliência do mercado acionário brasileiro evidencia a capacidade de atrair capital, mesmo em momentos de cautela internacional.

Para 2026, o pano de fundo tende a ser ainda mais favorável. A expectativa é de uma redução acumulada de cerca de 3,5 pontos percentuais na Selic, o que historicamente favorece a migração de recursos da renda fixa para ações e melhora o valuation das empresas listadas.

Setores sensíveis ao ciclo econômico — consumo, construção civil e serviços — devem ganhar tração, enquanto um dólar mais comportado reduz a volatilidade e aumenta a atratividade para investidores estrangeiros.

O JPMorgan recomenda empresas bem posicionadas para capturar o novo ciclo econômico, como Embraer (EMBR3), Vale (VALE3), Petrobras (PETR3), Suzano (SUZB3), Localiza (RENT3), Sabesp (SBSP3), Cyrela (CYRE3), Yduqs (YDUQ3), Hypera (HYPE3) e Allos (ALOS3).

Veja mais no site do InfoMoney.

Foto: Canva

#OndeInvestir #Bolsa #Ibovespa #RendaVariável"
"FUNDOS CHEGARAM A SUPERAR 20% EM DY

O Hectare CE (HCTR11) deve encerrar 2025 com o maior dividend yield — taxa de retorno com dividendos — entre os principais FIIs do mercado. Classificado como high yield, perfil de maior risco, o fundo imobiliário entregou um retorno de 22,49% no ano.

Os dados fazem parte de um estudo do InfoMoney com base em informações da Economatica, plataforma de dados financeiros. O levantamento considera apenas os fundos imobiliários que compõem o Ifix, índice que reúne os FIIs mais negociados na B3.

Dos 112 fundos monitorados, todos já anunciaram dividendos referentes a dezembro. Desse total, 80 encerram o ano com dividend yield superior a 12%, patamar que equivale a uma taxa média mensal próxima de 1%.

Além do HCTR11, outros três fundos superaram a marca de 20% de retorno com dividendos em 2025: Gazit Malls (GZIT11), Valora Renda Imobiliária (VGRI11) e BTG Pactual Shoppings (BPML11). 

Confira mais informações no site do InfoMoney.

#Mercados #FundosdeInvestimento #FIIs #Dividendos"
"RESULTADOS APÓS PROPAGANDA DE FINAL DE ANO

Após polêmica envolvendo uma peça publicitária de fim de ano com Fernanda Torres, as ações ordinárias da Alpargatas (ALPA3) voltaram a figurar entre os destaques da Bolsa brasileira nesta sexta (6), com a notícia de que a holding Itaúsa (ITSA4) elevou participação na varejista.

No início do dia, no período de abertura do mercado, as ações ordinárias da dona da Havaianas subiam 4,29%, a R$ 11,43. No encerramento do mercado, as ações da Alpargatas tinham leve queda, de 0,36%, a R$ 10,92.

As ações preferenciais, que iniciaram o dia em baixa, também o fecharam em queda de 0,92%, a R$ 11,79.

A holding ampliou sua fatia individual na Alpargatas para cerca de 15,94% das ações preferenciais, elevando a fatia conjunta dos acionistas controladores, tanto em ALPA3 quanto em ALPA4, para aproximadamente 40,03%.

Leia no InfoMoney.

Foto: Divulgação

#Havaianas #Alpargatas #Bolsa #Ibovespa #Mercados"
"REESTRUTURAÇÃO FINANCEIRA

A Azul (AZUL4), em recuperação judicial, protocolou na Comissão de Valores Mobiliários (CVM) o pedido de registro de uma oferta pública de distribuição primária de ações ordinárias e preferenciais. 

A oferta de ações busca viabilizar a capitalização compulsória das dívidas financeiras da companhia, por meio da conversão de títulos emitidos no exterior em ações. Os acionistas terão direito de prioridade, com datas de corte em 19 e 30 de dezembro de 2025. O período de subscrição prioritária ocorrerá de 23 de dezembro de 2025 a 5 de janeiro de 2026. 

Saiba mais no Infomoney
Foto: Ricardo Moraes/Reuters
#Mercados #Ações #Azul"
"PESQUISA DA ‍REUTERS ESTIMAVA ALTA DE 0,27 ‍POR CENTO PARA O PERÍODO
O ‍Índice ⁠Nacional de ‍Preços ao Consumidor Amplo-15 (IPCA-15), considerado a prévia da inflação oficial, subiu 0,25 por cento em dezembro, sobre alta de 0,20 por cento no mês anterior, informou o Instituto ⁠Brasileiro ⁠de Geografia e Estatística (IBGE). 

Pesquisa da ‍Reuters com economistas estimava alta de 0,27 ‍por cento para o período.

Foto: Joédson Alves/Agência Brasil
#mercados #IPCA15 #brasil"
"EM REAÇÃO A UMA CAMPANHA PUBLICITÁRIA

As ações da Alpargatas (B3: ALPA4) encerraram a segunda (22) com forte queda, após o ex-deputado federal Eduardo Bolsonaro anunciar nas redes sociais, no domingo (21), um boicote à marca Havaianas, em reação a uma campanha de fim de ano criticada por apoiadores da direita.

Com a movimentação, os papéis da companhia fecharam o dia com queda de 2,39%, a R$ 11,44, o que equivale a uma perda de mercado de cerca de R$ 152 milhões, de acordo com informações divulgadas pela Elos Ayta Consultoria.

Os principais acionistas da Alpargatas são a Itaúsa S.A. (ITSA4), com 29,58% do total, e a Cambuhy Alpa Holding Ltda., com 23,77%.

Leia mais no site do InfoMoney.

Foto: Reprodução | Divulgação

#Mercados #Alpargatas #Ações #Havaianas #EduardoBolsonaro"
"EDUARDO APARECE EM VÍDEO JOGANDO UM PAR DE CHINELOS NO LIXO

As ações da Alpargatas (B3: ALPA4) registravam forte queda nesta segunda (22), após o ex-deputado federal Eduardo Bolsonaro anunciar nas redes sociais, no domingo (21), um boicote à marca Havaianas, em reação a uma campanha de fim de ano criticada por apoiadores da direita. 

Por volta das 11h20, os papéis recuavam 3,07%, sendo negociados a R$ 11,36.

No vídeo, gravado nos EUA, onde mora desde fevereiro, Eduardo aparece jogando no lixo um par de chinelos da empresa e acusa a publicidade de carregar uma mensagem política.

A reação ocorre em meio à repercussão de uma peça publicitária estrelada pela atriz Fernanda Torres, em que ela afirma não desejar que as pessoas “comecem o ano com o pé direito”.

Leia mais no site do InfoMoney.

Foto: Reprodução

#Mercados #Ações #Alpargatas #Havaianas #EduardoBolsonaro"
"MÚCIO É MINISTRO DA DEFESA

A Tupy (TUPY3), multinacional catarinense líder na produção de componentes para motores à indústria automotiva, recebeu do BNDESpar, maior acionista da companhia, a indicação do ministro da Defesa, José Múcio, para ocupar um assento no conselho de administração do grupo. 

O ministro deve substituir o funcionário de carreira do BNDES Marcio Bernardo Spata, que renunciou ao posto de conselheiro.

A indicação do ministro da Defesa para o colegiado do grupo não é a primeira feita pelo governo Lula. Anielle Franco (Igualdade Racial), Carlos Lupi (então ministro da Previdência) e Vinícius Marques de Carvalho (Controladoria Geral da União) ocuparam assentos no conselho da Tupy de 2023 até o início deste ano.

A indicação dos três chegou a ser investigada pela Comissão de Valores Mobiliários (CVM) por suspeita de que a nomeação teria se dado sem consulta prévia à Comissão de Ética Pública da Presidência. 

Leia no InfoMoney.

Fotos: Divulgação | Valter Campanato/ Agência Brasil

#Tupy #Mucio #Governo #BNDESpar #Política"
"QUEDA NA PRODUÇÃO DE BARRIS

A greve nacional dos petroleiros já impôs perdas diárias estimadas em R$ 200 milhões à Petrobras (PETR4) na primeira semana de paralisação dos trabalhadores, segundo cálculos do economista Cloviomar Cararine, do Dieese. O movimento teve início na última segunda (15).

Nos seis primeiros dias de greve, a produção registrou uma queda acumulada estimada em cerca de 300 mil barris de petróleo e gás.

Somente na área de Exploração e Produção (E&P), a redução é estimada em aproximadamente US$ 18 milhões por dia, o equivalente a cerca de R$ 100 milhões diários. No segmento de refino, as perdas alcançam aproximadamente R$ 90 milhões por dia.

Somados, os impactos em E&P e refino representam um prejuízo parcial da ordem de R$ 200 milhões diários, sem considerar os efeitos sobre áreas como Transpetro, TBG e PBio.

Leia no InfoMoney.

Foto: Paulo Whitaker/Reuters

#Petrobras #Greve #Petróleo #Economia"
"O protótipo em escala real do chamado “carro ⁠voador” da fabricante de aeronaves elétricas (eVTOL) Eve Air Mobility ‍completou seu primeiro voo, controlada da Embraer (EMBJ3), na última sexta (19), marcando um passo importante processo de certificação ‌da aeronave. As imagens do voo foram divulgadas nas redes sociais da empresa. O voo inaugural na ‌unidade de testes da Embraer, em Gavião Peixoto, marcou o início da fase de testes de voo da Eve, ​com ‘centenas de voos’ planejados para o próximo ano para apoiar a certificação.

#Embraer #Eve #eVTOL #Viral"
"PATRIMÔNIO BILIONÁRIO

O patrimônio líquido do presidente-executivo da Tesla (TSLA34), Elon Musk, subiu para US$ 749 bilhões na sexta (19), depois que a Suprema Corte do estado norte-americano de Delaware restabeleceu as opções de ações da montadora no valor de US$ 139 bilhões que foram anuladas ao bilionário no ano passado, de acordo com o índice de bilionários da Forbes.

O pacote de pagamento de Musk em 2018, que chegou a valer US $56 bilhões, foi restabelecido pela Suprema Corte de Delaware na sexta-feira, dois anos depois que um tribunal de primeira instância considerou o acordo de compensação exagerado.

No início desta semana, Musk tornou-se a primeira pessoa a ultrapassar US$ 600 bilhões em patrimônio líquido, após relatos de que sua startup aeroespacial SpaceX provavelmente fará abertura de capital na bolsa.

A fortuna de Musk agora excede a do cofundador do Google, Larry Page, a segunda pessoa mais rica do mundo, em quase US$ 500 bilhões, de acordo com a lista de bilionários da Forbes.

Leia no InfoMoney.

Foto: Vincent Alban/Reuters

#Musk #ElonMusk #Tesla #Bilionário #Economia"
"PACOTE BILIONÁRIO

Elon Musk conseguiu reativar o seu pacote de remuneração de 2018 como CEO da Tesla (TSLA34), depois que a Suprema Corte de Delaware derrubou a decisão de um juiz que dizia que o bilionário teria influenciado de forma indevida os membros do conselho que criaram o plano de pagamento.

Nesta sexta (19), um tribunal concluiu que o homem mais rico do mundo tem direito a um plano de remuneração baseado em ações, que hoje vale cerca de US$ 140 bilhões. Quando os diretores da Tesla aprovaram esse pagamento, ele foi o maior já concedido a um executivo nos Estados Unidos. Desde então, foi superado por outro plano que pode chegar a valer 1 trilhão de dólares para Musk, caso ele cumpra metas futuras.

Leia no Infomoney
Foto: Chip Somodevilla/Getty Images
#Business #ElonMusk #Tesla"
"RIZA AKIN FII É O MAIOR VALOR ENTRE ATIVOS

Os fundos imobiliários (FIIs) de crédito lideraram os pagamentos de dividendos nesta sexta (19), com destaque para o Riza Akin FII (RZAK11), que anunciou R$ 1,10 por cota, o maior valor entre os ativos listados no relatório de proventos do dia. 

Esse pagamento representa um dividendo mensal consistente com a manutenção de retornos acima de 1% para os cotistas, impulsionando o RZAK11 à liderança seguida pelo AF Invest CRI (AFHI11) com R$ 1,01 e pelo Riza Arctium (RZAT11) com R$ 0,85 por cota distribuídos aos investidores. 

Outros fundos também registraram distribuições no dia, com valores variando entre R$ 0,85 e R$ 1,10 por cota, confirmando a predominância dos FIIs de crédito na rodada de pagamentos.

Leia mais no site do InfoMoney.

Foto: Canva

#Mercados #Fundos #FIIs #Dividendos"
"VOO INAUGURAL

O protótipo em escala real do chamado ‘carro ⁠voador’ da fabricante de aeronaves elétricas Eve Air Mobility ‍completou seu primeiro voo, informou a empresa nesta sexta (19).

A Eve, controlada pela Embraer (EMBJ3), está entre várias empresas que estão desenvolvendo aeronaves movidas a bateria com capacidade de decolar e pousar verticalmente para transportar passageiros em viagens curtas pela cidade, um setor considerado fundamental para o crescimento futuro ‌da fabricante brasileira de aviões.

O voo inaugural na ‌unidade de testes da Embraer, em Gavião Peixoto, marcou o início da fase de testes de voo da Eve, ​informou a empresa em comunicado, com ‘centenas de voos’ planejados para o próximo ano para apoiar a certificação. A empresa validou a arquitetura da aeronave, os controles fly-by-wire e sistema de propulsão integrado, acrescentou a Eve.

Às 10h30 (horário de Brasília) desta sexta (19), os papéis EMBJ3 subiam 1,23%, a R$ 87,87.

Leia no InfoMoney.

Foto: Reuters

#Embraer #Eve #Mercados"
"MERCADOS

O Ibovespa fechou em alta nesta quinta (18), após duas quedas seguidas, em movimento endossado por Wall Street e com as ações da petrolífera Brava Energia (BRAV3) e da fabricante de papel e celulose Suzano (SUZB3) entre os destaques positivos.

Índice de referência do mercado acionário brasileiro, o Ibovespa subiu 0,38%, a 157.923,34 pontos, tendo marcado 158.495,49 na máxima e 157.123,58 na mínima do dia. O volume financeiro somou R$26,3 bilhões.

Leia em Infomoney
Foto: Amanda Perobelli/Reuters
#Mercados #Ibovespa #Trader"
"CENÁRIOS PARA O SETOR

O risco de a Enel perder a concessão de distribuição de energia em São Paulo aumentou após o governo federal voltar a falar em “caducidade” do contrato, segundo avaliação de analistas, em um sinal de maior indisposição do poder concedente com a empresa italiana após reiterados problemas de fornecimento de energia na maior região metropolitana do país.

O UBS BB indicou, em relatório, empresas que seriam potenciais interessadas em assumir a concessão da região metropolitana de São Paulo, recordando que Neoenergia (NEOE3) e Energisa (ENGI11) chegaram a participar do processo de 2018 de venda da concessão pela AES, que teve a Enel como vencedora. A CPFL (CPFE3) também seria uma candidata ao ativo, acrescentou.

Leia no Infomoney
Foto: Rovena Rosa/Agência Brasil
#Mercados #Política #Enel"
"RECUPERAÇÃO JUDICIAL NOS EUA

O Tribunal americano aprovou na última sexta (12) o plano de reorganização da Azul (AZUL4) e a empresa anunciou os próximos passos para seu processo de recuperação judicial nos EUA (Chapter 11). Às 12h10 (horário de Brasília), as ações da Azul caíam 8,49%, a R$ 0,97.

O plano converte grande parte da dívida pré-existente em ações e permite que a empresa capte recursos com a venda de novos papéis.

Com a aprovação do plano, na avaliação do Bradesco BBI, a Azul está no caminho para sair do Chapter 11 em breve, com um balanço mais limpo e no caminho para reforçar as operações.

Por outro lado, espera-se uma diluição massiva dos minoritários, devido às consideráveis conversões de dívida. Como resultado, os acionistas atuais devem ser quase totalmente diluídos, o que reforça a recomendação de venda e preço-alvo de R$ 0,50.

Leia no InfoMoney.

Foto: Ricardo Moraes/Reuters

#Azul #EUA #Aviação #Mercados"
"FÁBRICA EM CARAMBEÍ

A Ambev (ABEV3) inaugura nesta segunda (15) uma nova fábrica de garrafas de vidro em Carambeí (PR). Equipada para produzir vasos do segmento premium, de mais crescimento no país, a planta é fruto de um investimento de R$ 1 bilhão e faz do Paraná a primeira operação da companhia a integrar todas as fases de produção de cerveja.

No primeiro momento, serão produzidos na fábrica os vasos de garrafas verdes de vidro usadas nos rótulos Stella Artois, na versão regular e sem glúten, e a puro malte Spaten. 

As instalações são preparadas, no entanto, para produzir até 600 milhões de garrafas de long necks e 600 ml, incluindo também marcas como Corona e Original, bem como das versões zero álcool de cervejas como Corona Cero e Bud Zero.

Além do próprio estado, a planta abastecerá Santa Catarina, Rio Grande do Sul, São Paulo, Minas Gerais, Pernambuco, Ceará e o Rio de Janeiro, onde está a outra fábrica de vidros da Ambev.

Leia no InfoMoney.

Foto: Divulgação/Ambev

#Ambev #Paraná #Cerveja #Mercados"
"OPPORTUNITY DESPONTA COMO FAVORITO A COMPRAR EX-PROJETO DE MINA E PORTO DE EIKE

A Bemisa, mineradora do banqueiro Daniel Dantas, dono do grupo Opportunity, é forte candidata a fechar a compra do Porto Sudeste e da Mineração Morro do Ipê, ativos colocados à venda pelo fundo asiático Mubadala e a trading de commodities holandesa Trafigura. A empresa firmou contrato de confidencialidade com as duas controladoras, abrindo caminho para o processo de due diligence dos ativos, informaram pessoas próximas das negociações.

Segundo as fontes, além da Bemisa, outros dois grupos já assinaram o NDA, sendo um deles a brasileira Vale (VALE3). O ativo também pode interessar a nomes como o fundo australiano Macquarie, focado em infraestrutura, além de mineradoras chinesas e investidores árabes, de acordo com as fontes.

O negócio envolvendo os dois ativos tem valor de venda na faixa US$ 5 bilhões.

Veja mais no site do InfoMoney

Foto: Divulgação"
"MERCADOS

O Ibovespa (IBOV) fechou praticamente estável nesta quinta (11), assegurada pelo avanço da Vale (VALE3), em meio ao forte recuo da Petrobras (PETR3; PETR4), um dia após o Banco Central manter a Selic em 15% ao ano, sem sinalizar o início de um ciclo de cortes de juros aguardado por investidores para 2026.

Índice de referência do mercado acionário brasileiro, o Ibovespa (IBOV) subiu apenas 0,07%, a 159.189,10 pontos, tendo chegado a 159.850,00 na máxima e 158.097,88 na mínima do dia. O volume financeiro somou R$22,5 bilhões.

Leia no Infomoney
Foto: Amanda Perobelli/Reuters
#Mercados #Ações #Ibovespa"
"EMPRESA DE REGULADORES DE TENSÃO

A WEG (WEGE3) anunciou nesta quinta (11) a compra da empresa indiana Sanelec, especializada na fabricação de reguladores de tensão e sistemas de controle de excitação para geração de energia, por US$ 5,2 milhões.

Fundada em 1998 na cidade de Bangalore, a Sanelec tem aproximadamente 40 colaboradores e registrou receita operacional líquida de US$ 2,3 milhões em 2024, com margem Ebitda de 29%.

A aquisição, segundo a WEG, busca ampliar a presença global da Reivax (que a Weg adquiriu em 2024), “apoiando o atual portfólio de clientes e buscando aumentar sua participação no mercado de soluções de controle de geração de energia”.

Leia no InfoMoney.

Foto: Adobe Stock

#WEG #Bangalore #Sanelec #Índia #Mercados"
"DATA-COM DE 28 DE NOVEMBRO

Quatro fundos imobiliários das casas Itaú e Kinea realizam nesta quarta (10) o pagamento de seus dividendos mensais. Os rendimentos variam de R$ 0,82 a R$ 1,50 por cota, com dividend yields que chegam a 1,11% no mês.

O ICRI11 (Itaú Crédito Imobiliário) distribui R$ 0,85 por cota, o que representa um dividend yield de 0,97%. Já o ITRI11 (Itaú Total Return) pagará R$ 0,82 por cota, equivalente a um yield mensal de 1,05%.

Entre os fundos da Kinea, o KNHF11 (Kinea Hedge Fund) deposita R$ 1,00 por cota, com yield de 1,08%, enquanto o KNUQ11 (Kinea Unique) se destaca na lista ao distribuir R$ 1,50 por cota, alcançando o maior retorno do grupo: 1,11% no mês.

Leia mais no site do InfoMoney.

Foto: Canva

#Mercados #Fundos #Ações #Dividendos"
"NEGOCIAÇÃO SOBRE OS PEDs 

Trabalhadores do Sistema Petrobras (PETR4) aprovaram a deflagração de uma greve nacional a partir da zero hora de segunda (15), após considerarem “insuficiente” a contraproposta apresentada pela companhia para o Acordo Coletivo de Trabalho (ACT), informou a Federação Única dos Petroleiros (FUP).

A entidade afirmou que a nova proposta foi entregue pela petroleira na terça-feira, sem avançar em pontos centrais discutidos desde o início das negociações.

Dentre os principais pontos em discussão, está a busca por uma solução definitiva para os Planos de Equacionamento de Déficit (PEDs) da Petros, tema que afeta diretamente a renda de aposentados e pensionistas.

Leia no InfoMoney.

Foto: Paulo Whitaker/Reuters

#Petrobras #Greve #Petróleo #Brasil"
"PRINCIPAIS DESTAQUES

O radar corporativo desta segunda (8) traz a produção da petroleira PetroRecôncavo (RECV3) no mês de novembro. Além disso, a Localiza (RENT3) convocou assembleia visando aumento de capital de R$ 2 bilhões.

Já a AGE da LWSA (LWSA3) aprovou reduções de capital e restituição aos acionistas.

Enquanto isso, a CEO da Petrobras (PETR4) diz ser “possível” assumir operação na Braskem, mas não está fechado.

Motiva (MOTV3) aprovou dividendos intermediários no valor de R$ 294 milhões.

Copasa (CSMG3) firma acordo com Belo Horizonte para estender contrato de saneamento até 2073.

Justiça de Minas suspende venda de 4 usinas da Cemig (CMIG4).

Leia mais análises no site do InfoMoney.

Foto: Paulo Whitaker/Reuters

#Mercados #Ações #RadarInfoMoney"
"AÇÕES SOB PRESSÃO

O sentimento de Wall Street em relação a empresas associadas à inteligência artificial está mudando. E tudo gira em torno de duas companhias: a OpenAI está em queda, enquanto a Alphabet (GOGL34) está em ascensão.

A criadora do ChatGPT deixou de ser vista como referência tecnológica e enfrenta questionamentos sobre a falta de lucratividade e a necessidade de crescer rapidamente para bancar seus compromissos de gastos massivos. 

Ao mesmo tempo, a controladora do Google desponta como uma concorrente com grande poder financeiro e presença em todos os segmentos ligados à IA.

“OpenAI era a criança dourada no início deste ano, e a Alphabet era vista de forma muito diferente”, afirmou Brett Ewing, estrategista-chefe da First Franklin Financial Services. “Agora, o sentimento está muito mais contido em relação à OpenAI.”

Como resultado, ações de empresas ligadas à OpenAI estão sob forte pressão vendedora. Enquanto isso, o impulso da Alphabet está elevando não só suas ações, mas também as de empresas associadas.

Leia no InfoMoney.

Foto: Kim Kyung-Hoon/Reuters

#IA #OpenAI #Tecnologia #Mercados"
"PRIMEIRA A PRODUZIR INTEGRALMENTE NO BRASIL

A Petrobras (PETR4) fez na sexta (5) a primeira entrega de combustível sustentável de aviação (SAF). Foi entregue um volume de 3 mil m³ para distribuidoras que operam no Aeroporto Internacional Tom Jobim (Galeão-RJ), o que corresponde a cerca de um dia de consumo nos aeroportos do estado.

A companhia é a primeira a produzir, integralmente no Brasil, o combustível que recebe a certificação de sustentabilidade de acordo com as regras da ICAO (International Civil Aviation Organization).

O combustível sustentável de aviação, também conhecido como SAF (Sustainable Aviation Fuel), pode substituir o querosene de aviação convencional (QAV) sem necessidade de modificações nas aeronaves ou na infraestrutura de abastecimento. 

A previsão é que, ainda em 2026, a Refinaria de Paulínia (Replan), no estado de São Paulo, e a Refinaria Gabriel Passos (Regap), em Minas Gerais, também passem a produzir e comercializar o combustível.

Leia no InfoMoney.

Foto: Ueslei Marcelino/Reuters

#Petrobras #Combustível #Avião #Economia"
"MERCADO DOMÉSTICO

O Ibovespa fechou em alta nesta quarta-feira, renovando máximas e encostando na marca dos 162 mil pontos, em movimento sustentado principalmente pelo avanço das ações da Vale (VALE3) e apostas ainda robustas de queda de juros nos Estados Unidos na próxima semana.

De acordo com o analista de investimentos Alison Correia, cofundador da Dom Investimentos, além do efeito externo positivo, a performance das ações na bolsa brasileira também reflete a forte distribuição de dividendos e o patamar de recompra de ações anunciado recentemente pelas empresas. 

“Está tendo muito pagamento de dividendo, os papéis estão subindo, e nós estamos no maior nível de recompra de empresas da história”, afirmou.

Leia no Infomoney
Foto: Victor Moriyama/Bloomberg
#Mercados #Ações #Ibovespa"
"NO DIA 1 DE JANEIRO

A Sabesp (SBSP3) comunicou nesta terça (2) que a Agência Reguladora de Serviços Públicos do Estado de São Paulo (Arsesp) autorizou a companhia a aplicar o reajuste médio de 6,5% nas tarifas vigentes aos usuários, a partir de 1 de janeiro de 2026.

“Em leitura preliminar da companhia, tal valor representa um incremento na tarifa de equilíbrio de 10,6%”, afirmou a companhia de saneamento básico em fato relevante enviado à Comissão de Valores Mobiliários (CVM).

Leia no InfoMoney.

Foto: Agência SP

#Sabesp #Água #Reajuste #Tarifa #Economia"
"FUNDO MIRA CRESCIMENTO DE RECEITA

O fundo TRX Real Estate (TRXF11) comunicou nesta segunda (1º) a compra de dois shoppings em Belo Horizonte.

ViaBrasil Pampulha e 50% do ViaShopping Barreiro, foram comprados em uma operação de R$ 257,7 milhões que marca a entrada do fundo no segmento de centros comerciais.

A gestora destacou que ambos os empreendimentos estão localizados em áreas de forte adensamento populacional e grande fluxo de consumidores.

O ViaBrasil Pampulha foi adquirido por R$ 87,5 milhões e possui 17 mil metros quadrados de área bruta locável, com 68 lojas e taxa de ocupação de 90,88%.

Já o ViaShopping Barreiro, cuja metade foi comprada por R$ 170,2 milhões, reúne 59 mil metros quadrados de área bruta locável, 160 lojas e 1.300 vagas de estacionamento, além de taxa de ocupação de 87,15%.

Leia mais no site do InfoMoney.

Foto: Divulgação

#Mercados #Ações #FundosImobiliários #FII #TRXF11"
"R$ 8,5 BILHÕES EM DIVIDENDOS

A Itaúsa (ITSA4) aprovou a distribuição de proventos adicionais no valor bruto de R$ 8,722 bilhões, que terão como base de cálculo a posição acionária final do dia 9 de dezembro de 2025.

Serão pagos R$ 8,522 bilhões na forma de dividendos, sendo R$ 0,775364 por ação, que serão pagos em 19 de dezembro de 2025.

A holding também distribuirá R$ 200 milhões na forma de juros sobre capital próprio (JCP), equivalentes a R$ 0,0182 por ação, que serão pagos até 30 de abril de 2026.

Leia no InfoMoney.

Foto: Pixabay

#Mercados #Itaúsa #Proventos"
"RECUPERAÇÃO JUDICIAL

A Oi (OIBR3), em recuperação judicial, informou que foi disponibilizado à companhia o montante de R$ 517,4 milhões, anteriormente mantido em conta escrow (Conta Vinculada) junto ao Bradesco (BBDC4) em benefício da Agência Nacional de Telecomunicações (ANATEL).

Segundo fato relevante, o valor tem origem em acordo celebrado no âmbito do Processo Administrativo nº 020.662/2023-8, em trâmite perante o Tribunal de Contas da União – TCU, no qual a Oi e a ANATEL pactuaram a previsão de liberação de valores depositados em ação judicial relacionada ao Fundo de Universalização dos Serviços de Telecomunicações – FUST.

A liberação dos recursos ocorreu após de autorização judicial da Primeira Câmara de Direito Privado do Tribunal de Justiça do Estado do Rio de Janeiro.

Leia no Infomoney.

Foto: Divulgação

#Mercados #Oi #RecuperaçãoJudicial"
"MERCADO DOMÉSTICO

O Ibovespa superou os 159 mil pontos pela primeira vez na história nesta sexta (28), sustentado principalmente pelo desempenho robusto das blue chips Itaú Unibanco (ITUB4) e Vale (VALE3) após anúncios de dividendos, que ofuscou a queda de Petrobras após divulgação do plano de investimentos de 2026 a 2030.

Índice de referência do mercado acionário brasileiro, o Ibovespa avançou 0,45%, a 159.072,13 pontos, novo recorde de fechamento. No melhor momento do pregão, alcançou 159.689,03 pontos, renovando também o topo intradia. Na mínima da sessão, marcou 158.077,66 pontos.

Leia no Infomoney
Foto: reprodução/Shutterstock
#Mercados #Ibovespa #Trader"
"CONFIRA AS ANÁLISES

Enquanto muitos caçam descontos na Black Friday do varejo, o XP Investimentos apontou que algumas ações da Bolsa brasileira também estão “em promoção” — quatro papéis foram classificados como oportunidades de compra pelo analistas da casa. São elas: EQTL3 (Equatorial), GGBR4 (Gerdau), INTB3 (Intelbras) e PRIO3 (PRIO).

Segundo o relatório, a Equatorial se destaca pela posição consolidada no setor de energia e potencial expansão no saneamento, oferecendo um ""carrego"" atrativo em horizonte de médio prazo.

A Gerdau aparece como aposta para siderurgia e construção, com bom fluxo de caixa livre previsto e recuperação no ciclo de investimentos.

A Intelbras é vista como oportunidade graças à solidez da unidade de segurança, margens e possibilidade de aumento de dividendos.

E a PRIO entra como a “top pick” entre petroleiras: a empresa combina forte geração de caixa com perspectivas de crescimento da produção — especialmente com o campo Wahoo — o que pode resultar em valorização relevante até 2026.

Leia mais no site do InfoMoney.

Foto: Canva

#Mercados #Ações #B3 #Bolsa #BlackFriday"
"MERCADO JÁ ANTECIPAVA DIVULGAÇÃO DE DIVIDENTO EXTRA

O Itaú Unibanco (ITUB4) surpreendeu o mercado ao antecipar o pagamento de um dividendo extraordinário de R$ 23,4 bilhões — além dos juros sobre capital próprio — e somar o cancelamento de R$ 3 bilhões em ações em tesouraria após recompra.

A decisão elevou a confiança dos investidores e fez os papéis subirem cerca de 2,1%, a R$ 41,57. O movimento reforça a percepção de que o banco lida de forma eficiente com seu capital excedente, e coincide com sinais internos de que não pretende reter lucros — algo que já havia sido indicado pela alta cúpula da instituição.

Leia mais no site do InfoMoney.

Foto: Divulgação/Itaú

#Mercados #Ações #Dividendos #Itaú"
"PLAY9 CONTENT GROUP

João Vítor Mello explica na coluna da Play9 no InfoMoney que tratar suas redes sociais como se fossem uma empresa transformou radicalmente sua carreira. Para ele, talento e criatividade não bastam: foi necessário converter criatividade em rotina, planejamento e estratégia.

Ao encarar “meu conteúdo é meu CNPJ”, ele adotou constância, organização e decisões de longo prazo como pilares da produção.

Além disso, João Vítor revela que a realidade por trás de um vídeo de 30 segundos é muito mais complexa do que aparenta — existe uma operação estruturada envolvendo treinos, pesquisa, roteiro, gravação, edição, publicação e até preparo físico e mental.

Com isso, ele aprendeu a negociar com marcas a partir de dados reais — público, métrica e estilo — e passou a encarar sua atividade como negócio sustentável e de longo prazo, não dependente de viralizações pontuais.

Leia a coluna completa no site do InfoMoney.

Foto: Reprodução/João Vítor Mello

#ColunistasInfoMoney #Play9ContentGroup #JoãoVítorMello #CreatorEconomy #YouTube #TikTok #CNPJ"
"VENDA ACONTECE SE A BANDUP! VENCER O PROCESSO COMPETITIVO

A Americanas (AMER3) disse que aceitou a proposta vinculante reapresentada pela Fan Store Entretenimento (BandUP!) para a aquisição da UniCo, conforme comunicado enviado ao mercado na noite desta segunda (24).

De acordo com o documento, a nova proposta inclui a previsão de que a BandUP! deve igualar as condições de pagamento oferecidas ou apresentar condições mais favoráveis à Americanas caso deseje exercer o “right to top” e a melhor oferta contenha, além do valor acima do preço base, melhores condições de pagamento que as da proposta vinculante.

A Americanas, que se encontra em recuperação judicial, adiantou ainda que a proposta não afeta a qualificação da BandUP! para participar do processo competitivo de venda da UniCo, dona das marcas Imaginarium, Love Brands, Casas Mind e Puket.

Leia mais no site do InfoMoney.

Foto: Rafael Henrique/Reuters

#Mercados #Ações #Americanas #UniCo #BandUP"
"RECOMENDAÇÃO NEUTRA

A XP Investimentos avaliou de forma marginalmente positiva o desempenho da Embraer (EMBJ3) no Dubai Air Show, um dos maiores encontros globais da indústria aeroespacial, que serve como oportunidade para as empresas apresentarem seus produtos e fecharem novos acordos. Os anúncios feitos pela fabricante de aeronaves foram limitados, em linha com as expectativas, especialmente em comparação com o forte fluxo de pedidos observado no Paris Air Show no início deste ano.

Além do evento, segundo a XP destacou em relatório, o momentum operacional da Embraer permanece positivo, após campanhas de vendas em andamento para o E195-E2 e KC-390, com notícias sobre possíveis pedidos da AirAsia e das Forças Aéreas dos EUA e da Índia.

O time de analistas da XP ainda destaca que os anúncios de novos pedidos continuam sendo a principal razão dos investidores por trás do recente forte desempenho e mometum das ações da Embraer.

Leia no Infomoney
Imagens: divulgação/Embraer
#Mercados #Aeronaves #Embraer"
"BANCO ANUNCIOU LUCRO DE R$ 6,21 BI NO TERCEIRO TRIMESTRE 

Dois anos após assumir o comando do Bradesco (BBDC4), Marcelo Noronha lidera ajustes que fizeram as ações do banco terem alta de 63,5% neste ano, o que superou o desempenho de todos os outros grandes bancos de varejo brasileiros.

A rentabilidade tem melhorado gradualmente, o lucro líquido subiu 28% em relação aos primeiros nove meses do ano passado, e Noronha disse que os investidores podem esperar que essa tendência continue, à medida que sua estratégia de redução de custos e foco em empréstimos menos arriscados começa a dar frutos.

“Esperamos entregar um resultado dentro daquilo que era esperado, muito mais perto da banda de cima do guidance do que de baixo”, disse Noronha em entrevista à Bloomberg.

Embora espere que as eleições presidenciais brasileiras provoquem volatilidade no mercado no segundo semestre do próximo ano, o CEO do Bradesco afirmou que os cortes esperados nas taxas de juros no início de 2026 provavelmente ajudarão a impulsionar o crédito e a reduzir as taxas de inadimplência.

Veja mais no site do InfoMoney.

Foto: Shutterstock

#Mercado #Bradesco"
"PROCESSO SANCIONADOR

O CEO da Azul (AZUL4), John Peter Rodgerson, e o CFO, Alexandre Wagner Malfitani, tornaram-se alvos de um processo sancionador da Comissão de Valores Mobiliários (CVM) após entrevista à imprensa na qual apresentaram projeções financeiras da companhia aérea.

O processo cita entrevista veiculada em agosto do ano passado na qual Rodgerson teria divulgado informações sensíveis sobre a Azul, como a previsão de receita de R$ 20 bilhões para aquele ano e a estimativa de geração adicional de R$ 1 bilhão em 2025 com a implementação de um plano estratégico.

Leia no Infomoney
Foto: Boomberg
#Mercados #Ações #Azul"
"OS PROVENTOS SERÃO PAGOS AINDA EM 2025

Em conjunto com os resultados do terceiro trimestre de 2025 (3T25) nesta segunda (17), a XP Inc. (BDR: XPBR31) anunciou a abertura de um novo programa de recompra de ações no valor de R$ 1 bilhão.

Até outubro de 2025, o programa de recompra de ações anterior foi executado no montante de R$ 842 milhões.

Além disso, a companhia anunciou um novo pagamento de dividendos no valor de R$ 500 milhões, a serem pagos ainda em 2025.

“Este novo programa faz parte do nosso plano de distribuição de capital, e está alinhado com o nosso target do Índice de Basileia entre 16% e 19% em 2026”, apontou a XP no release de resultados.

A companhia financeira registrou lucro líquido ajustado de R$ 1,33 bilhão no terceiro trimestre de 2025 (3T25), 12% maior do que a cifra registrada um ano antes.

Leia mais no site do InfoMoney.

Foto: Divulgação

#Mercados #Ações #XP #Balanços"
"BALANÇO DO 3T25 

A XP Inc. (NASDAQ: XP; BDR: XPBR31)  registrou novo recorde ao obter lucro líquido ajustado de R$ 1,33 bilhão no terceiro trimestre de 2025 (3T25), 12% maior do que a cifra registrada um ano antes, informou a companhia nesta segunda (17). 

“Os resultados do trimestre reforçam a consistência do nosso modelo e a disciplina na gestão de capital. Seguimos crescendo com rentabilidade e eficiência, mantendo indicadores sólidos e capacidade de investimento para sustentar o nosso ritmo de evolução,” afirma Victor Mansur, CFO da XP Inc.

Leia no Infomoney
Foto: InfoMoney
#Mercados #Balanços #XPInc"
"BACIA DE CAMPOS

A Petrobras (PETR4) informou nesta segunda (17) que identificou a presença de petróleo de excelente qualidade no pós-sal da Bacia de Campos, em poço exploratório no bloco Sudoeste de Tartaruga Verde.

 Em comunicado enviado à Comissão de Valores Mobiliários (CVM), a empresa detalha que o poço 4-BRSA-1403D-RJS está localizado a 108 quilômetros da costa na cidade de Campos dos Goytacazes (RJ), em profundidade d’água de 734 metros.

“A perfuração desse poço já foi concluída, tendo intervalo portador de petróleo sido constatado através de perfis elétricos, indícios de gás e amostragem de fluido”, afirma.

Leia no InfoMoney.

Foto: Reuters

#Petrobras #Petroleo #Campos #RJ #Economia"
"UMA DAS MAIORES EMPRESAS DE OVOS DOS EUA

A JBS (BDR: JBSS32) disse que a sua joint venture com a Mantiqueira Alimentos, a Mantiqueira USA, firmou um acordo para comprar a produtora de ovos Hickman’s Egg Ranch nos Estados Unidos, sem dar detalhes financeiros sobre a operação.

Conforme comunicado ao mercado, a empresa disse que a compra deverá ser concluída antes do final do ano.

“A aquisição representa um marco significativo da Mantiqueira USA em sua estratégia de longo prazo para construir uma presença forte e escalável no mercado de ovos dos Estados Unidos”, disse.

Leia no InfoMoney.

Foto: Canva

#Economia #EUA #Ovo #JBS"
"JUSTIÇA VOLTOU ATRÁS

As ações da Oi voltaram a ser negociadas na B3 nesta sexta (14), após a suspensão da decretação de falência da empresa pela Justiça do Rio de Janeiro. A entidade confirmou que os papéis foram liberados para negociação a partir das 13h20 e que a decisão extinguiu os efeitos da sentença que havia transformado o processo de recuperação judicial em falência.

No pregão, os ativos ON (OIBR3) e PN (OIBR4) passaram por forte volatilidade: as ON chegaram a cair mais de 16% antes de reverter para alta de cerca de 5,5% por volta das 15h11, enquanto as PN dispararam até 79% antes de assentar em alta de cerca de 64%.

Analistas lembram que a reversão da falência é vista como um alívio para o mercado, já que assegura a continuidade do processo de recuperação e reduz o risco imediato de liquidação da companhia.

Leia mais no site do InfoMoney.

Foto: Divulgação

#Mercados #Ações #Oi #Falência"
"CASO DE FALÊNCIA DA OI

A Justiça acatou o pedido do Bradesco (BBDC4) para suspender os efeitos da decretação de falência da Oi e determinou a continuidade do processo de recuperação judicial da empresa, com liquidação ordenada dos ativos do Grupo Oi.

A decisão é da desembargadora Mônica Maria Costa, da Primeira Câmara do Direito Privado do Tribunal de Justiça do Rio de Janeiro (TJ-RJ).

O TJ-RJ ordenou o retorno dos administradores judiciais anteriores e a apuração das responsabilidades da empresa Pimco, que assumiu o controle acionário do grupo.

Segundo a magistrada, a falência da Oi causaria prejuízos graves aos credores e ao interesse público, dada a relevância dos serviços prestados pela companhia, como telecomunicações e suporte a serviços essenciais.

Leia no InfoMoney.

Foto: Reprodução

#Oi #Justiça #Falência #Economia"
"TEMPORADA DE BALANÇOS

A companhia aérea Azul (AZUL4) reportou prejuízo líquido ajustado de R$ 1,562 bilhão no terceiro trimestre de 2025 (3T25), montante 1.142% superior ao reportado no mesmo intervalo de 2024.

Sem ajustes, o prejuízo líquido R$ 644,2 milhões no 3T25, revertendo lucro de R$ 389,7 milhões um ano antes.

O lucro antes juros, impostos, depreciação e amortização (Ebitda, na sigla em inglês) do 3T25 atingiu um recorde histórico de R$ 1,987,8 bilhão, um aumento de 20,2% em relação ao ano anterior e uma margem de 34,6%. O lucro operacional cresceu 23,7%, totalizando um recorde de R$ 1,270,4 bilhão com uma margem de 22,1%.

Leia no InfoMoney.

Foto: Ricardo Moraes/Reuters

#Azul #Economia #Lucro #CiaAérea"
"DESASTRE AMBIENTAL

A BHP pode ser responsabilizada pelo rompimento de uma barragem de Fundão em Mariana, em 2015, decidiu o Tribunal Superior de Londres nesta sexta (14). A empresa disse que recorreria da decisão.

Centenas de milhares de pessoas, dezenas de municípios e cerca de 2.000 empresas processaram a BHP pelo colapso da barragem de Fundão em Mariana, Minas Gerais, que era de propriedade e operada pela joint venture Samarco, formada pela BHP e pela Vale (VALE3).

A juíza Finola O’Farrell disse em um resumo de sua decisão que a BHP não deveria ter continuado a aumentar a altura da barragem antes de seu colapso, o que foi “uma causa direta e imediata do colapso da barragem, dando origem à responsabilidade baseada em culpa por parte da BHP”.

Leia no InfoMoney.

Foto: Ricardo Moraes/Reuters

#Economia #Barragem #MinasGerais #Mariana"
"RECOMENDAÇÃO PARA AS AÇÕES

Após os resultados do terceiro trimestre de 2025 (3T25), o Citi cortou a recomendação para as ações do Banco do Brasil (BBAS3) de compara para neutro, reduzindo o preço-alvo de R$ 29 para R$ 23.

O Citi ressalta a revisão de guidance (projeção) para baixo do BB, principalmente devido a maiores despesas com provisões.

Os analistas ressaltam que os efeitos positivos potenciais das renegociações em empréstimos rurais devem levar mais tempo (do que esperavam) para contribuir para a rentabilidade do banco em 2026.

Leia no InfoMoney.

Foto: Rafa Neddermeyer/Agência Brasil

#Economia #BancoDoBrasil #BB #Bolsa"
"QUEDA ACENTUADA

Um trimestre (muito) decepcionante. Esta foi a visão do mercado sobre os resultados da operadora de saúde Hapvida (HAPV3) apresentados na noite da última quarta (12). A companhia registrou lucro líquido de cerca de R$ 338 milhões no terceiro trimestre deste ano.

Em meio às decepções com o balanço, a ação abriu em forte queda de 32,43%, a R$ 22,09, após cerca de 20 minutos em leilão no início do pregão desta quinta (13). Na mínima do dia, os papéis desabavam 39,98%, a R$ 19,62.

A dívida líquida fechou o trimestre em R$ 4,250 bilhões, montante 3,7% maior do que o reportado um ano antes. Com isso, a alavancagem, medida pela relação entre dívida líquida e Ebitda, ficou em 1 vez, aumento de 0,01 vez em relação ao mesmo intervalo do ano anterior.

Veja a análise completa sobre o balanço da Hapvida no site do InfoMoney.

Foto: Divulgação | Hapvida

#Mercado #Balanço #Hapvida #Bolsa #Ibov #Ibovespa"
"MERCADO DE AÇÕES

O Ibovespa (IBOV) voltou a flertar nesta quarta-feira com os 158 mil pontos, mas fechou quase estável, em meio ao forte recuo da Petrobras (PETR3, PETR4), acompanhando a queda do petróleo no exterior, enquanto Vale (VALE3) forneceu um contrapeso relevante em dia de alta dos futuros do minério de ferro na China.

Índice de referência do mercado acionário brasileiro, o Ibovespa (IBOV) cedeu 0,07%, a 157.632,90 pontos, após registrar 158.133,83 na máxima e 156.559,71 na mínima do dia. O volume financeiro somou R$29 bilhões, em sessão também marcada pelo vencimento de opções sobre o Ibovespa.

Com tal desfecho, o Ibovespa (IBOV) encerrou uma sequência de 15 altas, a maior em mais de 30 anos. No período, valorizou-se 9,48%, ampliando o ganho no ano para 31,15%.

Saiba mais no Infomoney
Foto: reprodução/Canva
#Mercados #Ibovespa #Trader"
"PROVENTOS

O Banco do Brasil (BBAS3) anunciou nesta quarta (12) ter aprovado a distribuição de cerca de R$ 410,58 milhões a título de remuneração aos acionistas sob a forma de Juros sobre Capital Próprio (JCP) relativos ao terceiro trimestre de 2025.

O valor é de R$ 0,07192713139 por ação em JCP.

Os valores serão pagos em 11 de dezembro de 2025, tendo como base a posição acionária de 1 de dezembro 2025, sendo as ações negociadas “ex” a partir do dia 2. 

Os Juros sobre Capital Próprio são uma forma de remuneração que as empresas de capital aberto utilizam para distribuir parte de seus lucros aos acionistas. Diferentemente dos dividendos, o JCP é contabilizado como despesa financeira, o que permite à companhia deduzir o valor pago da base de cálculo do Imposto de Renda, gerando benefício fiscal. Para os investidores, o valor recebido é tributado diretamente na fonte, com alíquota de 15%.

Saiba mais no Infomoney
Foto: Adriano Machado/Reuters
#Mercados #Balanços #BB #Proventos"
"BANCO DIVULGOU RESULTADOS NESTA QUARTA (12)

O Banco do Brasil (BBAS3) divulgou seu balanço na noite desta quarta (12). O banco teve lucro líquido ajustado de R$ 3,8 bilhões no terceiro trimestre de 2025 (3T25), montante 60% menor ao reportado no mesmo intervalo de 2024.

O lucro líquido contábil do banco ficou em R$ 3 bilhões, com queda de 66% na comparação com o mesmo período de 2024.

O retorno sobre o patrimônio líquido (ROE) passou de 21,1%. no 3T24, para 8,4% no terceiro trimestre de 2025. A margem financeira bruta aumentou 1,9%, para R$ 25,08 bilhões.

Leia mais no site do InfoMoney.

Foto: Paulo Whitaker/Reuters

#Mercados #Ações #BB #Balanço"
"TEMPORADA DE BALANÇOS

A Natura (NATU3) teve prejuízo líquido recorrente de R$ 119 milhões no terceiro trimestre, segundo balanço divulgado pela fabricante de cosméticos.

O prejuízo ocorreu em função das pressões sobre receita e rentabilidade, aliadas ao aumento das despesas financeiras líquidas, disse a empresa.

Já o lucro antes de juros, impostos, depreciação e amortização (Ebitda) recorrente ficou em R$ 577 milhões, o que representa uma queda de 33,7% na comparação com o mesmo período do ano anterior.

A receita líquida, por sua vez, atingiu R$ 5,2 bilhões no terceiro trimestre, recuo de 3,8% na base anual sob câmbio constante e queda de 13,1% em reais, “como resultado da desaceleração no Brasil e dos desafios na integração das operações da Argentina e do México”, disse a companhia no relatório.

Acompanhe no InfoMoney.

Foto: Adriano Machado/Reuters

#Economia #Bolsa #Natura #Lucro"
"⛽️ Dividendos #PETR4: investimentos mais altos podem reduzir pagamentos do 4T25 #Petrobras 

O mercado aguarda com ansiedade os proventos da Petrobras (PETR4) para o fechamento de 2025, mas uma nova projeção do BTG Pactual acendeu o sinal amarelo. O banco aponta que o volume de dividendos pode vir abaixo do consenso, influenciado por uma combinação de investimentos no teto das metas e saídas pontuais de caixa que pressionam o fluxo financeiro do trimestre.

Entenda por que o cenário de curto prazo exige cautela e atenção à visibilidade macroeconômica. 👇"
"EMPRESA TERÁ CONTINUAÇÃO PROVISÓRIA
 
O drama da Oi (OIBR3;OIBR4) chegou ao seu último capítulo após quase uma década em recuperação judicial. Nesta segunda (10), foi decretada a falência da companhia, encerrando de vez o projeto da outrora super tele nacional.
A ordem foi expedida pela juíza Simone Gastesi Chevrand, da 7ª Vara Empresarial do Rio de Janeiro, decretando a convolação do processo de recuperação em falência. “Não há mais surpresas quanto ao estado do Grupo em recuperação judicial. A Oi é tecnicamente falida”, descreveu.
 
No despacho, a magistrada apontou ainda para a liquidação ordenada dos ativos da Oi, visando maximizar o valor para pagamento do saldo remanescente junto aos credores. 
 
A juíza determinou a continuação provisória das atividades da Oi até que os serviços sejam assumidos por outras empresas.
 
Por enquanto, a operação da Oi ficará com um dos administradores judiciais do processo, o escritório Preserva-Ação, que já havia sido nomeado interventor após o afastamento da diretoria e do conselho da empresa. A Justiça também dispensou a continuidade dos serviços prestados pelos outros dois administradores (escritórios Wald e K2).
 
A juíza deu sinal verde para os credores convocarem uma assembleia na qual vão eleger um comitê para tratar da liquidação da empresa. Neste momento, ficam suspensas todas as ações e execuções contra a falida, segundo ordem judicial.
 
Veja todos os detalhes no site do InfoMoney.
 
Foto: divulgação
 
#Mercado #Oi"
"NOVOS TICKERS NAS BOLSAS

As ações da Axia Energia, novo nome da antiga Eletrobras, estrearam nesta segunda(10) com seus novos tickers na B3 e na Bolsa de Nova York (Nyse).

Na B3, as ações ordinárias passarão de ELET3 para AXIA3, as preferenciais A passarão de ELET5 para AXIA5, enquanto as preferenciais B deixam o ticker ELET6 e adotam AXIA6.

Já na Nyse o ticker AXIA substitui EBR, enquanto AXIA PR fica no lugar de EBR B.

Acompanhe a bolsa ao vivo no InfoMoney.

Foto: Divulgação/AXIA Energia

#Economia #Bolsa #Ibovespa #Axia #Brasil"
"AZUL ALEGA ""GRAVES RISCOS"" À CONTINUIDADE OPERACIONAL PELO ATRASO NA SAÍDA DO CHAPTER 11

A Azul (AZUL53) disse ao Conselho Administrativo de Defesa Econômica (Cade) que o atraso na saída do Chapter 11 traz “graves riscos” à saúde financeira e à própria continuidade operacional da companhia. Na quarta (11), o plenário do Cade vai analisar o recurso apresentado contra a operação da empresa com a United Airlines. Tal operação é citada como parte do Chapter 11 – procedimento previsto na legislação norte-americana de falências voltado à reestruturação financeira de empresas, com o objetivo de reduzir o endividamento da Azul. As ações fecharam com queda de 38,68%, a R$ 4,55.

Nos últimos dias, decisões postergaram a análise do caso pelo órgão antitruste, após recurso apresentado pelo Instituto de Pesquisas e Estudos da Sociedade e Consumo (IPSConsumo).

Em petição apresentada ao Cade na segunda (9) a Azul disse que o IPSConsumo criou atrasos e obstáculos artificiais à implementação da operação, “que representam um risco concreto de prejuízo, e não de benefício, aos consumidores”.

Leia no Infomoney. 
Foto: Rahel Patrasso/Reuters 
#Mercados #Azul #Cade #Chapter11"
"NOVOS RECORDES

O Ibovespa fechou em alta nesta segunda-feira, terminando o dia acima dos 186 mil pontos pela primeira vez, em movimento puxado pelas blue chips Itaú Unibanco (ITUB4), Vale (VALE3) e Petrobras (PETR4), e endossado por Wall Street.

Índice de referência do mercado acionário brasileiro, o Ibovespa subiu 1,8%, a 186.241,15 pontos, novo recorde para fechamento, tendo marcado 186.460,08 pontos na máxima e 182.950,20 pontos na mínima do dia.

O volume financeiro no pregão somou R$27,83 bilhões.

Leia no Infomoney
Foto: reprodução/Canva
#Mercados #Ibovespa #B3"
"EMPRESA NÃO INFORMOU SE VAI RECORRER

O Ibama multou a Petrobras (PETR3;PETR4) em R$ 2,5 milhões por despejar 18,44 metros cúbicos de Fluido de Perfuração de Base Não Aquosa (mistura oleosa) no mar, incidente ocorrido em 4 de janeiro, decorrente de um vazamento durante a exploração do navio sonda 42 (NS-42), que opera na bacia da Foz do Amazonas na exploração no poço de Morpho.

A partir da ciência do auto de infração, a Petrobras terá o prazo de 20 dias para efetuar o pagamento da multa ou apresentar defesa administrativa.

“O fluido descarregado acidentalmente no mar pela Petrobras contém componentes classificados na categoria de risco B, conforme o art. 4º da Lei nº 9.966/2000, o que representa risco médio tanto para a saúde humana quanto para o ecossistema aquático”, disse o Ibama.

Leia mais no site do InfoMoney.

Foto: Fernando Frazão/Agência Brasil

#Petrobras #Amazonas #Petróleo #Mercados"
"🇧🇷 Fechamento de Mercado no Brasil em 26/11

O #Ibovespa fechou o dia em nova máxima por conta da expectativa de novo corte de juros nos EUA, o que favorece a entrada de capital estrangeiro por aqui.

🚉 A Rumo #RAIL3 foi destaque no dia após notícias de que o grupo Ultra #UGPA3 está montando posição na empresa.

🩺 Já a Hapvida #HAPV3 tombou forte novamente após alguns bancos rebaixarem a avaliação da empresa."
"BALANÇO DO BANCO

O Itaú Unibanco (ITUB4) divulgou seus números do quarto trimestre de 2025 (4T25) na quarta(4), registrando lucro líquido recorrente de R$ 12,3 bilhões no trimestre, alta de 13,2% ante o mesmo período de 2024, em linha com as expectativas de analistas, em resultado com o melhor nível de rentabilidade desde 2015.

O retorno sobre o patrimônio líquido (ROE) médio anualizado consolidado foi de 24,4% no quarto trimestre, ante 22,1% em igual intervalo de 2024. A última vez que o ROE ficou acima desse percentual foi no segundo trimestre de 2015 (24,8%).

O maior banco da América Latina por ativos também divulgou previsões para 2026, com expectativa de crescimento de 5,5% a 9,5% na sua carteira de crédito total e custo de crédito de R$ 38,5 bilhões a R$ 43,5 bilhões.

Leia no InfoMoney.

Foto: Pilar Olivares/Reuters

#Itaú #Balanço #Banco #Mercados"
"⚓️ Para atender a #Vale, chinesa quer restaurar maior estaleiro da #China

As instalações da antiga Rongsheng Heavy Industries, ociosas há mais de uma década, estão prestes a ser reativadas. A Wuhu Shipyard fechou um acordo para arrendar as docas secas e expandir sua capacidade para navios de grande porte (acima de 100 mil TPB).

A movimentação reflete o aquecimento global do setor: com os principais estaleiros do mundo saturados, reativar ativos ""zumbis"" tornou-se a única saída para atender à demanda.

#VALE3 #mineriodeferro

🧵"
